[
  { "id": 101, "division_id": 1, "name_en": "Barishal",   "name_bn": "বরিশাল",       "slug": "barishal-district" },
  { "id": 102, "division_id": 1, "name_en": "Barguna",    "name_bn": "বরগুনা",       "slug": "barguna" },
  { "id": 103, "division_id": 1, "name_en": "Bhola",      "name_bn": "ভোলা",         "slug": "bhola" },
  { "id": 104, "division_id": 1, "name_en": "Jhalokati",  "name_bn": "ঝালকাঠি",      "slug": "jhalokati" },
  { "id": 105, "division_id": 1, "name_en": "Patuakhali", "name_bn": "পটুয়াখালী",    "slug": "patuakhali" },
  { "id": 106, "division_id": 1, "name_en": "Pirojpur",   "name_bn": "পিরোজপুর",     "slug": "pirojpur" },

  { "id": 201, "division_id": 2, "name_en": "Bandarban",     "name_bn": "বান্দরবান",      "slug": "bandarban" },
  { "id": 202, "division_id": 2, "name_en": "Brahmanbaria",  "name_bn": "ব্রাহ্মণবাড়িয়া", "slug": "brahmanbaria" },
  { "id": 203, "division_id": 2, "name_en": "Chandpur",      "name_bn": "চাঁদপুর",        "slug": "chandpur" },
  { "id": 204, "division_id": 2, "name_en": "Chattogram",    "name_bn": "চট্টগ্রাম",      "slug": "chattogram-district" },
  { "id": 205, "division_id": 2, "name_en": "Cox's Bazar",   "name_bn": "কক্সবাজার",      "slug": "coxs-bazar" },
  { "id": 206, "division_id": 2, "name_en": "Cumilla",       "name_bn": "কুমিল্লা",       "slug": "cumilla" },
  { "id": 207, "division_id": 2, "name_en": "Feni",          "name_bn": "ফেনী",           "slug": "feni" },
  { "id": 208, "division_id": 2, "name_en": "Khagrachhari",  "name_bn": "খাগড়াছড়ি",     "slug": "khagrachhari" },
  { "id": 209, "division_id": 2, "name_en": "Lakshmipur",    "name_bn": "লক্ষ্মীপুর",      "slug": "lakshmipur" },
  { "id": 210, "division_id": 2, "name_en": "Noakhali",      "name_bn": "নোয়াখালী",      "slug": "noakhali" },
  { "id": 211, "division_id": 2, "name_en": "Rangamati",     "name_bn": "রাঙ্গামাটি",     "slug": "rangamati" },

  { "id": 301, "division_id": 3, "name_en": "Dhaka",        "name_bn": "ঢাকা",          "slug": "dhaka-district" },
  { "id": 302, "division_id": 3, "name_en": "Faridpur",     "name_bn": "ফরিদপুর",       "slug": "faridpur" },
  { "id": 303, "division_id": 3, "name_en": "Gazipur",      "name_bn": "গাজীপুর",       "slug": "gazipur" },
  { "id": 304, "division_id": 3, "name_en": "Gopalganj",    "name_bn": "গোপালগঞ্জ",     "slug": "gopalganj" },
  { "id": 305, "division_id": 3, "name_en": "Kishoreganj",  "name_bn": "কিশোরগঞ্জ",     "slug": "kishoreganj" },
  { "id": 306, "division_id": 3, "name_en": "Madaripur",    "name_bn": "মাদারীপুর",     "slug": "madaripur" },
  { "id": 307, "division_id": 3, "name_en": "Manikganj",    "name_bn": "মানিকগঞ্জ",     "slug": "manikganj" },
  { "id": 308, "division_id": 3, "name_en": "Munshiganj",   "name_bn": "মুন্সীগঞ্জ",    "slug": "munshiganj" },
  { "id": 309, "division_id": 3, "name_en": "Narayanganj",  "name_bn": "নারায়ণগঞ্জ",    "slug": "narayanganj" },
  { "id": 310, "division_id": 3, "name_en": "Narsingdi",    "name_bn": "নরসিংদী",       "slug": "narsingdi" },
  { "id": 311, "division_id": 3, "name_en": "Rajbari",      "name_bn": "রাজবাড়ী",       "slug": "rajbari" },
  { "id": 312, "division_id": 3, "name_en": "Shariatpur",   "name_bn": "শরীয়তপুর",      "slug": "shariatpur" },
  { "id": 313, "division_id": 3, "name_en": "Tangail",      "name_bn": "টাঙ্গাইল",       "slug": "tangail" },

  { "id": 401, "division_id": 4, "name_en": "Bagerhat",     "name_bn": "বাগেরহাট",      "slug": "bagerhat" },
  { "id": 402, "division_id": 4, "name_en": "Chuadanga",    "name_bn": "চুয়াডাঙ্গা",    "slug": "chuadanga" },
  { "id": 403, "division_id": 4, "name_en": "Jessore",      "name_bn": "জোসর",         "slug": "jessore" },
  { "id": 404, "division_id": 4, "name_en": "Jhenaidah",    "name_bn": "ঝিনাইদহ",       "slug": "jhenaidah" },
  { "id": 405, "division_id": 4, "name_en": "Khulna",       "name_bn": "খুলনা",         "slug": "khulna-district" },
  { "id": 406, "division_id": 4, "name_en": "Kushtia",      "name_bn": "কুষ্টিয়া",       "slug": "kushtia" },
  { "id": 407, "division_id": 4, "name_en": "Magura",       "name_bn": "মাগুরা",        "slug": "magura" },
  { "id": 408, "division_id": 4, "name_en": "Meherpur",     "name_bn": "মেহেরপুর",     "slug": "meherpur" },
  { "id": 409, "division_id": 4, "name_en": "Narail",       "name_bn": "নড়াইল",        "slug": "narail" },
  { "id": 410, "division_id": 4, "name_en": "Satkhira",     "name_bn": "সাতক্ষীরা",     "slug": "satkhira" },

  { "id": 501, "division_id": 5, "name_en": "Jamalpur",     "name_bn": "জামালপুর",      "slug": "jamalpur" },
  { "id": 502, "division_id": 5, "name_en": "Mymensingh",   "name_bn": "ময়মনসিংহ",     "slug": "mymensingh-district" },
  { "id": 503, "division_id": 5, "name_en": "Netrokona",    "name_bn": "নেত্রকোনা",     "slug": "netrokona" },
  { "id": 504, "division_id": 5, "name_en": "Sherpur",      "name_bn": "শেরপুর",        "slug": "sherpur" },

  { "id": 601, "division_id": 6, "name_en": "Bogura",         "name_bn": "বগুড়া",          "slug": "bogura" },
  { "id": 602, "division_id": 6, "name_en": "Chapainawabganj","name_bn": "চাঁপাইনবাবগঞ্জ", "slug": "chapainawabganj" },
  { "id": 603, "division_id": 6, "name_en": "Joypurhat",      "name_bn": "জয়পুরহাট",      "slug": "joypurhat" },
  { "id": 604, "division_id": 6, "name_en": "Naogaon",        "name_bn": "নওগাঁ",          "slug": "naogaon" },
  { "id": 605, "division_id": 6, "name_en": "Natore",         "name_bn": "নাটোর",          "slug": "natore" },
  { "id": 606, "division_id": 6, "name_en": "Pabna",          "name_bn": "পাবনা",          "slug": "pabna" },
  { "id": 607, "division_id": 6, "name_en": "Rajshahi",       "name_bn": "রাজশাহী",        "slug": "rajshahi-district" },
  { "id": 608, "division_id": 6, "name_en": "Sirajganj",      "name_bn": "সিরাজগঞ্জ",      "slug": "sirajganj" },

  { "id": 701, "division_id": 7, "name_en": "Dinajpur",       "name_bn": "দিনাজপুর",       "slug": "dinajpur" },
  { "id": 702, "division_id": 7, "name_en": "Gaibandha",      "name_bn": "গাইবান্ধা",     "slug": "gaibandha" },
  { "id": 703, "division_id": 7, "name_en": "Kurigram",       "name_bn": "কুড়িগ্রাম",     "slug": "kurigram" },
  { "id": 704, "division_id": 7, "name_en": "Lalmonirhat",    "name_bn": "লালমনিরহাট",    "slug": "lalmonirhat" },
  { "id": 705, "division_id": 7, "name_en": "Nilphamari",     "name_bn": "নীলফামারী",     "slug": "nilphamari" },
  { "id": 706, "division_id": 7, "name_en": "Panchagarh",     "name_bn": "পঞ্চগড়",       "slug": "panchagarh" },
  { "id": 707, "division_id": 7, "name_en": "Rangpur",        "name_bn": "রংপুর",         "slug": "rangpur-district" },
  { "id": 708, "division_id": 7, "name_en": "Thakurgaon",     "name_bn": "ঠাকুরগাঁও",     "slug": "thakurgaon" },

  { "id": 801, "division_id": 8, "name_en": "Habiganj",       "name_bn": "হবিগঞ্জ",       "slug": "habiganj" },
  { "id": 802, "division_id": 8, "name_en": "Moulvibazar",    "name_bn": "মৌলভীবাজার",    "slug": "moulvibazar" },
  { "id": 803, "division_id": 8, "name_en": "Sunamganj",      "name_bn": "সুনামগঞ্জ",     "slug": "sunamganj" },
  { "id": 804, "division_id": 8, "name_en": "Sylhet",         "name_bn": "সিলেট",         "slug": "sylhet-district" }
]
