[
  {
    "upazila_id": 101,
    "name_en": "Roypasha Karapur",
    "name_bn": "রয়পাশা করাপুর",
    "slug": "roypasha-karapur"
  },
  {
    "upazila_id": 101,
    "name_en": "Kashipur",
    "name_bn": "কাশীপুর",
    "slug": "kashipur"
  },
  {
    "upazila_id": 101,
    "name_en": "Chandpura",
    "name_bn": "চান্দপুরা",
    "slug": "chandpura"
  },
  {
    "upazila_id": 101,
    "name_en": "Charmonai",
    "name_bn": "চরমোনাই",
    "slug": "charmonai"
  },
  {
    "upazila_id": 101,
    "name_en": "Tungibaria",
    "name_bn": "টুঙ্গীবাড়িয়া",
    "slug": "tungibaria"
  },
  {
    "upazila_id": 101,
    "name_en": "Jarkathi",
    "name_bn": "জারকাঠী",
    "slug": "jarkathi"
  },
  {
    "upazila_id": 101,
    "name_en": "Shyestabad",
    "name_bn": "শায়েস্তাবাদ",
    "slug": "shyestabad"
  },
  {
    "upazila_id": 101,
    "name_en": "Kirtipasha",
    "name_bn": "কীর্ত্তনপাশা",
    "slug": "kirtipasha"
  },
  {
    "upazila_id": 101,
    "name_en": "Raipasha",
    "name_bn": "রায়পাশা",
    "slug": "raipasha"
  },
  {
    "upazila_id": 101,
    "name_en": "Jagpur",
    "name_bn": "জগপুর",
    "slug": "jagpur"
  },

  {
    "upazila_id": 102,
    "name_en": "Bakerganj",
    "name_bn": "বাকেরগঞ্জ",
    "slug": "bakerganj-up"
  },
  {
    "upazila_id": 102,
    "name_en": "Rangashree",
    "name_bn": "রঙ্গশ্রী",
    "slug": "rangashree"
  },
  {
    "upazila_id": 102,
    "name_en": "Pudua",
    "name_bn": "পদুয়া",
    "slug": "pudua"
  },
  {
    "upazila_id": 102,
    "name_en": "Nalua",
    "name_bn": "নলুয়া",
    "slug": "nalua"
  },
  {
    "upazila_id": 102,
    "name_en": "Kalamkathi",
    "name_bn": "কলসকাঠী",
    "slug": "kalamkathi"
  },
  {
    "upazila_id": 102,
    "name_en": "Charkal",
    "name_bn": "চরকল",
    "slug": "charkal"
  },
  {
    "upazila_id": 102,
    "name_en": "Dudhal",
    "name_bn": "দুধল",
    "slug": "dudhal"
  },
  {
    "upazila_id": 102,
    "name_en": "Garuria",
    "name_bn": "গাড়ুরিয়া",
    "slug": "garuria"
  },
  {
    "upazila_id": 102,
    "name_en": "Bharpasha",
    "name_bn": "ভরপাশা",
    "slug": "bharpasha"
  },
  {
    "upazila_id": 102,
    "name_en": "Kukua",
    "name_bn": "কুকুয়া",
    "slug": "kukua"
  },
  {
    "upazila_id": 102,
    "name_en": "Darial",
    "name_bn": "দরিয়াল",
    "slug": "darial"
  },
  {
    "upazila_id": 102,
    "name_en": "Niamati",
    "name_bn": "নিয়ামতি",
    "slug": "niamati"
  },
  { "upazila_id": 102, "name_en": "Kabai", "name_bn": "কবাই", "slug": "kabai" },
  {
    "upazila_id": 102,
    "name_en": "Ranganabad",
    "name_bn": "রঙ্গনাবাদ",
    "slug": "ranganabad"
  },

  {
    "upazila_id": 103,
    "name_en": "Madhabpasha",
    "name_bn": "মাধবপাশা",
    "slug": "madhabpasha"
  },
  {
    "upazila_id": 103,
    "name_en": "Chandpasha",
    "name_bn": "চাঁদপাশা",
    "slug": "chandpasha"
  },
  {
    "upazila_id": 103,
    "name_en": "Jahangirnagar",
    "name_bn": "জাহাঙ্গীরনগর",
    "slug": "jahangirnagar"
  },
  {
    "upazila_id": 103,
    "name_en": "Rahmatpur",
    "name_bn": "রহমতপুর",
    "slug": "rahmatpur"
  },
  {
    "upazila_id": 103,
    "name_en": "Dehergati",
    "name_bn": "দেহেরগতি",
    "slug": "dehergati"
  },
  {
    "upazila_id": 103,
    "name_en": "Kedarpur",
    "name_bn": "কেদারপুর",
    "slug": "kedarpur"
  },

  {
    "upazila_id": 104,
    "name_en": "Shikarpur",
    "name_bn": "শিকারপুর",
    "slug": "shikarpur"
  },
  {
    "upazila_id": 104,
    "name_en": "Sholak",
    "name_bn": "শোলাক",
    "slug": "sholak"
  },
  {
    "upazila_id": 104,
    "name_en": "Satur",
    "name_bn": "শাতলা",
    "slug": "satur"
  },
  {
    "upazila_id": 104,
    "name_en": "Wazirpur",
    "name_bn": "উজিরপুর",
    "slug": "wazirpur-up"
  },
  {
    "upazila_id": 104,
    "name_en": "Guthia",
    "name_bn": "গুঠিয়া",
    "slug": "guthia"
  },
  {
    "upazila_id": 104,
    "name_en": "Barakotha",
    "name_bn": "বরাকোঠা",
    "slug": "barakotha"
  },
  {
    "upazila_id": 104,
    "name_en": "Harta",
    "name_bn": "হারতা",
    "slug": "harta"
  },
  {
    "upazila_id": 104,
    "name_en": "Bamrail",
    "name_bn": "বামরাইল",
    "slug": "bamrail"
  },
  {
    "upazila_id": 104,
    "name_en": "Jalalla",
    "name_bn": "জল্লা",
    "slug": "jalalla"
  },

  {
    "upazila_id": 105,
    "name_en": "Banaripara Sadar",
    "name_bn": "বানারীপাড়া সদর",
    "slug": "banaripara-sadar"
  },
  {
    "upazila_id": 105,
    "name_en": "Chakhar",
    "name_bn": "চখার",
    "slug": "chakhar"
  },
  {
    "upazila_id": 105,
    "name_en": "Bisharkandi",
    "name_bn": "বিশারকান্দি",
    "slug": "bisharkandi"
  },
  {
    "upazila_id": 105,
    "name_en": "Udaykathi",
    "name_bn": "উদয়কাঠী",
    "slug": "udaykathi"
  },
  {
    "upazila_id": 105,
    "name_en": "Sayedkati",
    "name_bn": "সৈয়দকাঠী",
    "slug": "sayedkati"
  },
  {
    "upazila_id": 105,
    "name_en": "Soliyabakpur",
    "name_bn": "সলিয়াবাকপুর",
    "slug": "soliyabakpur"
  },
  {
    "upazila_id": 105,
    "name_en": "Iluhar",
    "name_bn": "ইলুহার",
    "slug": "iluhar"
  },
  {
    "upazila_id": 105,
    "name_en": "Naqla",
    "name_bn": "নলুয়া",
    "slug": "naqla"
  },
  {
    "upazila_id": 106,
    "name_en": "Gournadi",
    "name_bn": "গৌরনদী",
    "slug": "gournadi-up"
  },
  {
    "upazila_id": 106,
    "name_en": "Khanjapur",
    "name_bn": "খানজাপুর",
    "slug": "khanjapur"
  },
  {
    "upazila_id": 106,
    "name_en": "Batajore",
    "name_bn": "বাটাজোর",
    "slug": "batajore"
  },
  {
    "upazila_id": 106,
    "name_en": "Sarikal",
    "name_bn": "সরিকাল",
    "slug": "sarikal"
  },
  {
    "upazila_id": 106,
    "name_en": "Chandshi",
    "name_bn": "চাঁদশী",
    "slug": "chandshi"
  },
  {
    "upazila_id": 106,
    "name_en": "Mahilara",
    "name_bn": "মহিলারা",
    "slug": "mahilara"
  },
  {
    "upazila_id": 106,
    "name_en": "Nalchira",
    "name_bn": "নলচিরা",
    "slug": "nalchira"
  },

  {
    "upazila_id": 107,
    "name_en": "Hizla-Gourabdi",
    "name_bn": "হিজলা-গৌরব্দী",
    "slug": "hizla-gourabdi"
  },
  {
    "upazila_id": 107,
    "name_en": "Boro Jalia",
    "name_bn": "বড় জালিয়া",
    "slug": "boro-jalia"
  },
  {
    "upazila_id": 107,
    "name_en": "Harina",
    "name_bn": "হরিনাথপুর",
    "slug": "harina"
  },
  {
    "upazila_id": 107,
    "name_en": "Dulkhola",
    "name_bn": "দুলখোলা",
    "slug": "dulkhola"
  },
  {
    "upazila_id": 107,
    "name_en": "Memonia",
    "name_bn": "মেমানিয়া",
    "slug": "memonia"
  },
  {
    "upazila_id": 107,
    "name_en": "Gualbaria",
    "name_bn": "গুয়াবাড়িয়া",
    "slug": "gualbaria"
  },

  {
    "upazila_id": 108,
    "name_en": "Mehendiganj",
    "name_bn": "মেহেন্দিগঞ্জ",
    "slug": "mehendiganj-up"
  },
  {
    "upazila_id": 108,
    "name_en": "Ulania",
    "name_bn": "উলানিয়া",
    "slug": "ulania"
  },
  {
    "upazila_id": 108,
    "name_en": "Char Ekkoria",
    "name_bn": "চর এককরিয়া",
    "slug": "char-ekkoria"
  },
  {
    "upazila_id": 108,
    "name_en": "Darirchar Khajuria",
    "name_bn": "দড়িরচর খাজুরিয়া",
    "slug": "darirchar-khajuria"
  },
  {
    "upazila_id": 108,
    "name_en": "Bhashanchar",
    "name_bn": "ভাষানচর",
    "slug": "bhashanchar"
  },
  {
    "upazila_id": 108,
    "name_en": "Andher Manik",
    "name_bn": "আন্ধার মানিক",
    "slug": "andher-manik"
  },
  {
    "upazila_id": 108,
    "name_en": "Gagipur",
    "name_bn": "গাজীপুর",
    "slug": "gagipur"
  },
  {
    "upazila_id": 108,
    "name_en": "Alimabad",
    "name_bn": "আলিমাবাদ",
    "slug": "alimabad"
  },
  {
    "upazila_id": 108,
    "name_en": "Char Gopalpur",
    "name_bn": "চর গোপালপুর",
    "slug": "char-gopalpur"
  },
  {
    "upazila_id": 108,
    "name_en": "Gobindopur",
    "name_bn": "গোবিন্দপুর",
    "slug": "gobindopur"
  },
  { "upazila_id": 108, "name_en": "Lata", "name_bn": "লতা", "slug": "lata" },
  {
    "upazila_id": 108,
    "name_en": "Chandpur",
    "name_bn": "চাঁদপুর",
    "slug": "chandpur-mehendiganj"
  },
  {
    "upazila_id": 108,
    "name_en": "Biddanandapur",
    "name_bn": "বিদানন্দপুর",
    "slug": "biddanandapur"
  },
  { "upazila_id": 108, "name_en": "Baram", "name_bn": "বারম", "slug": "baram" },
  {
    "upazila_id": 108,
    "name_en": "Jangalia",
    "name_bn": "জাঙ্গালিয়া",
    "slug": "jangalia"
  },
  {
    "upazila_id": 108,
    "name_en": "Chilkachar",
    "name_bn": "চিলকাচার",
    "slug": "chilkachar"
  },
  {
    "upazila_id": 108,
    "name_en": "Saidpur",
    "name_bn": "সৈয়দপুর",
    "slug": "saidpur-mehendiganj"
  },

  {
    "upazila_id": 109,
    "name_en": "Muladi",
    "name_bn": "মুলাদি",
    "slug": "muladi-up"
  },
  {
    "upazila_id": 109,
    "name_en": "Charkalekhan",
    "name_bn": "চরকালেখান",
    "slug": "charkalekhan"
  },
  {
    "upazila_id": 109,
    "name_en": "Najirpur",
    "name_bn": "নাজিরপুর",
    "slug": "najirpur"
  },
  {
    "upazila_id": 109,
    "name_en": "Safipur",
    "name_bn": "সফিপুর",
    "slug": "safipur"
  },
  {
    "upazila_id": 109,
    "name_en": "Gachhua",
    "name_bn": "গাছুয়া",
    "slug": "gachhua"
  },
  {
    "upazila_id": 109,
    "name_en": "Kazirchar",
    "name_bn": "কাজিরচর",
    "slug": "kazirchar"
  },
  {
    "upazila_id": 109,
    "name_en": "Batamara",
    "name_bn": "বাটামারা",
    "slug": "batamara"
  },

  {
    "upazila_id": 110,
    "name_en": "Sadar Road UP",
    "name_bn": "সদর রোড ইউপি",
    "slug": "sadar-road-up"
  },
  {
    "id": 20001,
    "upazila_id": 201,
    "name_en": "Bapta",
    "name_bn": "বাপতা",
    "slug": "bapta",
    "postal_code": "8201",
    "lat": 22.6611,
    "lng": 90.6401,
    "timezone": "Asia/Dhaka",
    "geojson": "{}"
  },
  {
    "id": 20002,
    "upazila_id": 201,
    "name_en": "Dhania",
    "name_bn": "ধনিয়া",
    "slug": "dhania",
    "postal_code": "8201",
    "lat": 22.7105,
    "lng": 90.6272,
    "timezone": "Asia/Dhaka",
    "geojson": "{}"
  },
  {
    "id": 20003,
    "upazila_id": 201,
    "name_en": "Shivpur",
    "name_bn": "শিবপুর",
    "slug": "shivpur",
    "postal_code": "8201",
    "lat": 22.6845,
    "lng": 90.6976,
    "timezone": "Asia/Dhaka",
    "geojson": "{}"
  },
  {
    "id": 20004,
    "upazila_id": 201,
    "name_en": "North Dighaldi",
    "name_bn": "উত্তর দিঘলদী",
    "slug": "north-dighaldi",
    "postal_code": "8201",
    "lat": 22.7538,
    "lng": 90.6053,
    "timezone": "Asia/Dhaka",
    "geojson": "{}"
  },
  {
    "id": 20005,
    "upazila_id": 201,
    "name_en": "South Dighaldi",
    "name_bn": "দক্ষিণ দিঘলদী",
    "slug": "south-dighaldi",
    "postal_code": "8201",
    "lat": 22.6991,
    "lng": 90.575,
    "timezone": "Asia/Dhaka",
    "geojson": "{}"
  },
  {
    "id": 20006,
    "upazila_id": 201,
    "name_en": "Rajapur",
    "name_bn": "রাজাপুর",
    "slug": "rajapur",
    "postal_code": "8201",
    "lat": 22.6247,
    "lng": 90.5898,
    "timezone": "Asia/Dhaka",
    "geojson": "{}"
  },
  {
    "id": 20007,
    "upazila_id": 201,
    "name_en": "Illisha",
    "name_bn": "ইলিশা",
    "slug": "illisha",
    "postal_code": "8201",
    "lat": 22.7831,
    "lng": 90.6385,
    "timezone": "Asia/Dhaka",
    "geojson": "{}"
  },
  {
    "id": 20008,
    "upazila_id": 201,
    "name_en": "Kachia",
    "name_bn": "কাচিয়া",
    "slug": "kachia",
    "postal_code": "8201",
    "lat": 22.8014,
    "lng": 90.6917,
    "timezone": "Asia/Dhaka",
    "geojson": "{}"
  },
  {
    "id": 20009,
    "upazila_id": 201,
    "name_en": "West Illisha",
    "name_bn": "পশ্চিম ইলিশা",
    "slug": "west-illisha",
    "postal_code": "8201",
    "lat": 22.7602,
    "lng": 90.5901,
    "timezone": "Asia/Dhaka",
    "geojson": "{}"
  },
  {
    "id": 20010,
    "upazila_id": 201,
    "name_en": "Velumia",
    "name_bn": "ভেলুমিয়া",
    "slug": "velumia",
    "postal_code": "8201",
    "lat": 22.7303,
    "lng": 90.5186,
    "timezone": "Asia/Dhaka",
    "geojson": "{}"
  },
  {
    "id": 20011,
    "upazila_id": 201,
    "name_en": "Vedea",
    "name_bn": "ভেদেয়া",
    "slug": "vedea",
    "postal_code": "8201",
    "lat": 22.6455,
    "lng": 90.5369,
    "timezone": "Asia/Dhaka",
    "geojson": "{}"
  },
  {
    "id": 20012,
    "upazila_id": 201,
    "name_en": "Borhanuddin",
    "name_bn": "বোরহানউদ্দিন",
    "slug": "borhanuddin-up",
    "postal_code": "8201",
    "lat": 22.4287,
    "lng": 90.6542,
    "timezone": "Asia/Dhaka",
    "geojson": "{}"
  },
  {
    "id": 20013,
    "upazila_id": 201,
    "name_en": "Gangapur",
    "name_bn": "গঙ্গাপুর",
    "slug": "gangapur",
    "postal_code": "8201",
    "lat": 22.5891,
    "lng": 90.7225,
    "timezone": "Asia/Dhaka",
    "geojson": "{}"
  },

  {
    "id": 20014,
    "upazila_id": 202,
    "name_en": "Borhanuddin",
    "name_bn": "বোরহানউদ্দিন",
    "slug": "borhanuddin-up-2",
    "postal_code": "8280",
    "lat": 22.465,
    "lng": 90.702,
    "timezone": "Asia/Dhaka",
    "geojson": "{}"
  },
  {
    "id": 20015,
    "upazila_id": 202,
    "name_en": "Kachia",
    "name_bn": "কাচিয়া",
    "slug": "kachia-bhola",
    "postal_code": "8280",
    "lat": 22.4211,
    "lng": 90.6853,
    "timezone": "Asia/Dhaka",
    "geojson": "{}"
  },
  {
    "id": 20016,
    "upazila_id": 202,
    "name_en": "Gangapur",
    "name_bn": "গঙ্গাপুর",
    "slug": "gangapur-bhola",
    "postal_code": "8280",
    "lat": 22.4988,
    "lng": 90.7214,
    "timezone": "Asia/Dhaka",
    "geojson": "{}"
  },
  {
    "id": 20017,
    "upazila_id": 202,
    "name_en": "Hasannagar",
    "name_bn": "হাসাননগর",
    "slug": "hasannagar",
    "postal_code": "8280",
    "lat": 22.4456,
    "lng": 90.7301,
    "timezone": "Asia/Dhaka",
    "geojson": "{}"
  },
  {
    "id": 20018,
    "upazila_id": 202,
    "name_en": "Bara Manika",
    "name_bn": "বড় মানিকা",
    "slug": "bara-manika",
    "postal_code": "8280",
    "lat": 22.4011,
    "lng": 90.7511,
    "timezone": "Asia/Dhaka",
    "geojson": "{}"
  },
  {
    "id": 20019,
    "upazila_id": 202,
    "name_en": "Sachra",
    "name_bn": "সাচরা",
    "slug": "sachra",
    "postal_code": "8280",
    "lat": 22.5029,
    "lng": 90.7621,
    "timezone": "Asia/Dhaka",
    "geojson": "{}"
  },
  {
    "id": 20020,
    "upazila_id": 202,
    "name_en": "Darirchar",
    "name_bn": "দড়িচর",
    "slug": "darirchar",
    "postal_code": "8280",
    "lat": 22.4812,
    "lng": 90.6655,
    "timezone": "Asia/Dhaka",
    "geojson": "{}"
  },
  {
    "id": 20021,
    "upazila_id": 202,
    "name_en": "Tokir Char",
    "name_bn": "তোকির চর",
    "slug": "tokir-char",
    "postal_code": "8280",
    "lat": 22.5186,
    "lng": 90.6402,
    "timezone": "Asia/Dhaka",
    "geojson": "{}"
  },
  {
    "id": 20022,
    "upazila_id": 202,
    "name_en": "Mundia",
    "name_bn": "মুন্দিয়া",
    "slug": "mundia",
    "postal_code": "8280",
    "lat": 22.5411,
    "lng": 90.6988,
    "timezone": "Asia/Dhaka",
    "geojson": "{}"
  },

  {
    "id": 20023,
    "upazila_id": 203,
    "name_en": "Char Fasson",
    "name_bn": "চরফ্যাশন",
    "slug": "char-fasson-up",
    "postal_code": "8340",
    "lat": 22.1841,
    "lng": 90.7674,
    "timezone": "Asia/Dhaka",
    "geojson": "{}"
  },
  {
    "id": 20024,
    "upazila_id": 203,
    "name_en": "Ashrafpur",
    "name_bn": "আশরাফপুর",
    "slug": "ashrafpur",
    "postal_code": "8340",
    "lat": 22.2536,
    "lng": 90.7844,
    "timezone": "Asia/Dhaka",
    "geojson": "{}"
  },
  {
    "id": 20025,
    "upazila_id": 203,
    "name_en": "Hazariganj",
    "name_bn": "হাজারীগঞ্জ",
    "slug": "hazariganj",
    "postal_code": "8340",
    "lat": 22.2109,
    "lng": 90.8118,
    "timezone": "Asia/Dhaka",
    "geojson": "{}"
  },
  {
    "id": 20026,
    "upazila_id": 203,
    "name_en": "Manirampur",
    "name_bn": "মনিরামপুর",
    "slug": "manirampur-bhola",
    "postal_code": "8340",
    "lat": 22.274,
    "lng": 90.8351,
    "timezone": "Asia/Dhaka",
    "geojson": "{}"
  },
  {
    "id": 20027,
    "upazila_id": 203,
    "name_en": "Madras",
    "name_bn": "মাদ্রাজ",
    "slug": "madras",
    "postal_code": "8340",
    "lat": 22.2581,
    "lng": 90.741,
    "timezone": "Asia/Dhaka",
    "geojson": "{}"
  },
  {
    "id": 20028,
    "upazila_id": 203,
    "name_en": "Hazari",
    "name_bn": "হাজারী",
    "slug": "hazari",
    "postal_code": "8340",
    "lat": 22.1812,
    "lng": 90.8249,
    "timezone": "Asia/Dhaka",
    "geojson": "{}"
  },
  {
    "id": 20029,
    "upazila_id": 203,
    "name_en": "Chokdar",
    "name_bn": "চোকদার",
    "slug": "chokdar",
    "postal_code": "8340",
    "lat": 22.1645,
    "lng": 90.7811,
    "timezone": "Asia/Dhaka",
    "geojson": "{}"
  },
  {
    "id": 20030,
    "upazila_id": 203,
    "name_en": "Dulal",
    "name_bn": "দুলাল",
    "slug": "dulal",
    "postal_code": "8340",
    "lat": 22.1481,
    "lng": 90.7612,
    "timezone": "Asia/Dhaka",
    "geojson": "{}"
  },
  {
    "id": 20031,
    "upazila_id": 203,
    "name_en": "Nurabad",
    "name_bn": "নূরবাদ",
    "slug": "nurabad",
    "postal_code": "8340",
    "lat": 22.2901,
    "lng": 90.7399,
    "timezone": "Asia/Dhaka",
    "geojson": "{}"
  },
  {
    "id": 20032,
    "upazila_id": 203,
    "name_en": "Char Kukrimukri",
    "name_bn": "চর কুকরিমুকরি",
    "slug": "char-kukrimukri",
    "postal_code": "8340",
    "lat": 22.0621,
    "lng": 90.7852,
    "timezone": "Asia/Dhaka",
    "geojson": "{}"
  },
  {
    "id": 20033,
    "upazila_id": 203,
    "name_en": "Dhal Char",
    "name_bn": "ঢাল চর",
    "slug": "dhal-char",
    "postal_code": "8340",
    "lat": 21.9904,
    "lng": 90.8711,
    "timezone": "Asia/Dhaka",
    "geojson": "{}"
  },
  {
    "id": 20034,
    "upazila_id": 203,
    "name_en": "Khaserhat",
    "name_bn": "খাসের হাট",
    "slug": "khaserhat",
    "postal_code": "8340",
    "lat": 22.3121,
    "lng": 90.783,
    "timezone": "Asia/Dhaka",
    "geojson": "{}"
  },
  {
    "id": 20035,
    "upazila_id": 203,
    "name_en": "Nilkamal",
    "name_bn": "নীলকমল",
    "slug": "nilkamal",
    "postal_code": "8340",
    "lat": 22.3514,
    "lng": 90.7161,
    "timezone": "Asia/Dhaka",
    "geojson": "{}"
  },
  {
    "id": 20036,
    "upazila_id": 203,
    "name_en": "Mujibnagar",
    "name_bn": "মুজিবনগর",
    "slug": "mujibnagar-bhola",
    "postal_code": "8340",
    "lat": 22.2988,
    "lng": 90.8654,
    "timezone": "Asia/Dhaka",
    "geojson": "{}"
  },
  {
    "id": 20037,
    "upazila_id": 203,
    "name_en": "Abu Bakarpur",
    "name_bn": "আবু বকরপুর",
    "slug": "abu-bakarpur",
    "postal_code": "8340",
    "lat": 22.3711,
    "lng": 90.8402,
    "timezone": "Asia/Dhaka",
    "geojson": "{}"
  },
  {
    "id": 20038,
    "upazila_id": 203,
    "name_en": "Osmanganj",
    "name_bn": "উসমানগঞ্জ",
    "slug": "osmanganj",
    "postal_code": "8340",
    "lat": 22.3255,
    "lng": 90.7588,
    "timezone": "Asia/Dhaka",
    "geojson": "{}"
  },
  {
    "id": 20039,
    "upazila_id": 203,
    "name_en": "Ewazpur",
    "name_bn": "এওয়াজপুর",
    "slug": "ewazpur",
    "postal_code": "8340",
    "lat": 22.2619,
    "lng": 90.7021,
    "timezone": "Asia/Dhaka",
    "geojson": "{}"
  },
  {
    "id": 20040,
    "upazila_id": 203,
    "name_en": "Jinnagar",
    "name_bn": "জিন্নাগর",
    "slug": "jinnagar",
    "postal_code": "8340",
    "lat": 22.3021,
    "lng": 90.8143,
    "timezone": "Asia/Dhaka",
    "geojson": "{}"
  },
  {
    "id": 20041,
    "upazila_id": 203,
    "name_en": "Ramgati",
    "name_bn": "রামগতি",
    "slug": "ramgati-bhola",
    "postal_code": "8340",
    "lat": 22.1819,
    "lng": 90.7301,
    "timezone": "Asia/Dhaka",
    "geojson": "{}"
  },
  {
    "id": 20042,
    "upazila_id": 203,
    "name_en": "Kolaghat",
    "name_bn": "কোলঘাট",
    "slug": "kolaghat",
    "postal_code": "8340",
    "lat": 22.2351,
    "lng": 90.8488,
    "timezone": "Asia/Dhaka",
    "geojson": "{}"
  },
  {
    "id": 20043,
    "upazila_id": 203,
    "name_en": "Zohurul Amin",
    "name_bn": "জোহুরুল আমিন",
    "slug": "zohurul-amin",
    "postal_code": "8340",
    "lat": 22.3101,
    "lng": 90.8902,
    "timezone": "Asia/Dhaka",
    "geojson": "{}"
  },

  {
    "id": 20044,
    "upazila_id": 204,
    "name_en": "Daulatkhan",
    "name_bn": "দৌলতখান",
    "slug": "daulatkhan-up",
    "postal_code": "8210",
    "lat": 22.5645,
    "lng": 90.7101,
    "timezone": "Asia/Dhaka",
    "geojson": "{}"
  },
  {
    "id": 20045,
    "upazila_id": 204,
    "name_en": "Medua",
    "name_bn": "মেদুয়া",
    "slug": "medua",
    "postal_code": "8210",
    "lat": 22.5781,
    "lng": 90.7712,
    "timezone": "Asia/Dhaka",
    "geojson": "{}"
  },
  {
    "id": 20046,
    "upazila_id": 204,
    "name_en": "Hajipur",
    "name_bn": "হাজীপুর",
    "slug": "hajipur-bhola",
    "postal_code": "8210",
    "lat": 22.6021,
    "lng": 90.7499,
    "timezone": "Asia/Dhaka",
    "geojson": "{}"
  },
  {
    "id": 20047,
    "upazila_id": 204,
    "name_en": "Sayedpur",
    "name_bn": "সৈয়দপুর",
    "slug": "sayedpur-bhola",
    "postal_code": "8210",
    "lat": 22.6104,
    "lng": 90.6953,
    "timezone": "Asia/Dhaka",
    "geojson": "{}"
  },
  {
    "id": 20048,
    "upazila_id": 204,
    "name_en": "Mokammpur",
    "name_bn": "মোকাম্মপুর",
    "slug": "mokammpur",
    "postal_code": "8210",
    "lat": 22.6311,
    "lng": 90.7102,
    "timezone": "Asia/Dhaka",
    "geojson": "{}"
  },
  {
    "id": 20049,
    "upazila_id": 204,
    "name_en": "Madras",
    "name_bn": "মাদ্রাজ",
    "slug": "madras-bhola",
    "postal_code": "8210",
    "lat": 22.5451,
    "lng": 90.6698,
    "timezone": "Asia/Dhaka",
    "geojson": "{}"
  },
  {
    "id": 20050,
    "upazila_id": 204,
    "name_en": "Char Pata",
    "name_bn": "চর পাতা",
    "slug": "char-pata",
    "postal_code": "8210",
    "lat": 22.5311,
    "lng": 90.741,
    "timezone": "Asia/Dhaka",
    "geojson": "{}"
  },
  {
    "id": 20051,
    "upazila_id": 204,
    "name_en": "Char Khalifa",
    "name_bn": "চর খলিফা",
    "slug": "char-khalifa",
    "postal_code": "8210",
    "lat": 22.5029,
    "lng": 90.7188,
    "timezone": "Asia/Dhaka",
    "geojson": "{}"
  },
  {
    "id": 20052,
    "upazila_id": 204,
    "name_en": "Daulatkhan",
    "name_bn": "দৌলতখান",
    "slug": "daulatkhan-up-2",
    "postal_code": "8210",
    "lat": 22.5641,
    "lng": 90.7249,
    "timezone": "Asia/Dhaka",
    "geojson": "{}"
  },

  {
    "id": 20053,
    "upazila_id": 205,
    "name_en": "Lalmohan",
    "name_bn": "লালমোহন",
    "slug": "lalmohan-up",
    "postal_code": "8330",
    "lat": 22.3391,
    "lng": 90.7511,
    "timezone": "Asia/Dhaka",
    "geojson": "{}"
  },
  {
    "id": 20054,
    "upazila_id": 205,
    "name_en": "Lord Hardinge",
    "name_bn": "লর্ড হার্ডিঞ্জ",
    "slug": "lord-hardinge",
    "postal_code": "8330",
    "lat": 22.3812,
    "lng": 90.7902,
    "timezone": "Asia/Dhaka",
    "geojson": "{}"
  },
  {
    "id": 20055,
    "upazila_id": 205,
    "name_en": "Dhali Gauranagar",
    "name_bn": "ধালী গৌরাণগর",
    "slug": "dhali-gauranagar",
    "postal_code": "8330",
    "lat": 22.3988,
    "lng": 90.7401,
    "timezone": "Asia/Dhaka",
    "geojson": "{}"
  },
  {
    "id": 20056,
    "upazila_id": 205,
    "name_en": "Kalma",
    "name_bn": "কালমা",
    "slug": "kalma",
    "postal_code": "8330",
    "lat": 22.4211,
    "lng": 90.76,
    "timezone": "Asia/Dhaka",
    "geojson": "{}"
  },
  {
    "id": 20057,
    "upazila_id": 205,
    "name_en": "Badarpur",
    "name_bn": "বদরপুর",
    "slug": "badarpur",
    "postal_code": "8330",
    "lat": 22.4631,
    "lng": 90.7812,
    "timezone": "Asia/Dhaka",
    "geojson": "{}"
  },
  {
    "id": 20058,
    "upazila_id": 205,
    "name_en": "Ramganj",
    "name_bn": "রামগঞ্জ",
    "slug": "ramganj-bhola",
    "postal_code": "8330",
    "lat": 22.3504,
    "lng": 90.8249,
    "timezone": "Asia/Dhaka",
    "geojson": "{}"
  },
  {
    "id": 20059,
    "upazila_id": 205,
    "name_en": "Pashchim Char Umed",
    "name_bn": "পশ্চিম চর উমেদ",
    "slug": "pashchim-char-umed",
    "postal_code": "8330",
    "lat": 22.3029,
    "lng": 90.7188,
    "timezone": "Asia/Dhaka",
    "geojson": "{}"
  },
  {
    "id": 20060,
    "upazila_id": 205,
    "name_en": "Faridganj",
    "name_bn": "ফরিদগঞ্জ",
    "slug": "faridganj-bhola",
    "postal_code": "8330",
    "lat": 22.4091,
    "lng": 90.8402,
    "timezone": "Asia/Dhaka",
    "geojson": "{}"
  },
  {
    "id": 20061,
    "upazila_id": 205,
    "name_en": "Lalmohan",
    "name_bn": "লালমোহন",
    "slug": "lalmohan-up-2",
    "postal_code": "8330",
    "lat": 22.3391,
    "lng": 90.741,
    "timezone": "Asia/Dhaka",
    "geojson": "{}"
  },

  {
    "id": 20062,
    "upazila_id": 206,
    "name_en": "Hajirhat",
    "name_bn": "হাজীরহাট",
    "slug": "hajirhat",
    "postal_code": "8290",
    "lat": 22.2845,
    "lng": 90.9676,
    "timezone": "Asia/Dhaka",
    "geojson": "{}"
  },
  {
    "id": 20063,
    "upazila_id": 206,
    "name_en": "Dakshin Sakuchia",
    "name_bn": "দক্ষিণ সাকুচিয়া",
    "slug": "dakshin-sakuchia",
    "postal_code": "8290",
    "lat": 22.2105,
    "lng": 91.0188,
    "timezone": "Asia/Dhaka",
    "geojson": "{}"
  },
  {
    "id": 20064,
    "upazila_id": 206,
    "name_en": "Uttar Sakuchia",
    "name_bn": "উত্তর সাকুচিয়া",
    "slug": "uttar-sakuchia",
    "postal_code": "8290",
    "lat": 22.3514,
    "lng": 90.9585,
    "timezone": "Asia/Dhaka",
    "geojson": "{}"
  },
  {
    "id": 20065,
    "upazila_id": 206,
    "name_en": "Monpura",
    "name_bn": "মনপুরা",
    "slug": "monpura-up",
    "postal_code": "8290",
    "lat": 22.3021,
    "lng": 90.9399,
    "timezone": "Asia/Dhaka",
    "geojson": "{}"
  },

  {
    "id": 20066,
    "upazila_id": 207,
    "name_en": "Tazumuddin",
    "name_bn": "তজুমদ্দিন",
    "slug": "tazumuddin-up",
    "postal_code": "8220",
    "lat": 22.4281,
    "lng": 90.8542,
    "timezone": "Asia/Dhaka",
    "geojson": "{}"
  },
  {
    "id": 20067,
    "upazila_id": 207,
    "name_en": "Chachra",
    "name_bn": "চাচড়া",
    "slug": "chachra",
    "postal_code": "8220",
    "lat": 22.4812,
    "lng": 90.8701,
    "timezone": "Asia/Dhaka",
    "geojson": "{}"
  },
  {
    "id": 20068,
    "upazila_id": 207,
    "name_en": "Chandpur",
    "name_bn": "চাঁদপুর",
    "slug": "chandpur-tazumuddin",
    "postal_code": "8220",
    "lat": 22.4631,
    "lng": 90.9202,
    "timezone": "Asia/Dhaka",
    "geojson": "{}"
  },
  {
    "id": 20069,
    "upazila_id": 207,
    "name_en": "Shambhupur",
    "name_bn": "শম্ভুপুর",
    "slug": "shambhupur",
    "postal_code": "8220",
    "lat": 22.5029,
    "lng": 90.8953,
    "timezone": "Asia/Dhaka",
    "geojson": "{}"
  },
  {
    "id": 20070,
    "upazila_id": 207,
    "name_en": "Sonapur",
    "name_bn": "সোনাপুর",
    "slug": "sonapur-bhola",
    "postal_code": "8220",
    "lat": 22.4351,
    "lng": 90.8099,
    "timezone": "Asia/Dhaka",
    "geojson": "{}"
  },
  {
    "id": 30101,
    "upazila_id": 301,
    "name_en": "Basanda",
    "name_bn": "বাসন্ডা",
    "slug": "basanda",
    "postal_code": "8400",
    "lat": 22.6461,
    "lng": 90.165,
    "timezone": "Asia/Dhaka",
    "geojson": "{}"
  },
  {
    "id": 30102,
    "upazila_id": 301,
    "name_en": "Binoykati",
    "name_bn": "বিনয়কাঠী",
    "slug": "binoykati",
    "postal_code": "8400",
    "lat": 22.6705,
    "lng": 90.1372,
    "timezone": "Asia/Dhaka",
    "geojson": "{}"
  },
  {
    "id": 30103,
    "upazila_id": 301,
    "name_en": "Gabkhan Dhansiri",
    "name_bn": "গাবখান ধানসিঁড়ি",
    "slug": "gabkhan-dhansiri",
    "postal_code": "8400",
    "lat": 22.658,
    "lng": 90.1988,
    "timezone": "Asia/Dhaka",
    "geojson": "{}"
  },
  {
    "id": 30104,
    "upazila_id": 301,
    "name_en": "Gabha Ramchandrapur",
    "name_bn": "গাভারামচন্দ্রপুর",
    "slug": "gabha-ramchandrapur",
    "postal_code": "8403",
    "lat": 22.6931,
    "lng": 90.14,
    "timezone": "Asia/Dhaka",
    "geojson": "{}"
  },
  {
    "id": 30105,
    "upazila_id": 301,
    "name_en": "Keora",
    "name_bn": "কেওড়া",
    "slug": "keora",
    "postal_code": "8400",
    "lat": 22.71,
    "lng": 90.2201,
    "timezone": "Asia/Dhaka",
    "geojson": "{}"
  },
  {
    "id": 30106,
    "upazila_id": 301,
    "name_en": "Kirtipasha",
    "name_bn": "কীর্ত্তিপাশা",
    "slug": "kirtipasha",
    "postal_code": "8400",
    "lat": 22.6745,
    "lng": 90.2576,
    "timezone": "Asia/Dhaka",
    "geojson": "{}"
  },
  {
    "id": 30107,
    "upazila_id": 301,
    "name_en": "Nabagram",
    "name_bn": "নবগ্রাম",
    "slug": "nabagram",
    "postal_code": "8401",
    "lat": 22.7302,
    "lng": 90.1898,
    "timezone": "Asia/Dhaka",
    "geojson": "{}"
  },
  {
    "id": 30108,
    "upazila_id": 301,
    "name_en": "Nathullabad",
    "name_bn": "নথুলল্লাবাদ",
    "slug": "nathullabad",
    "postal_code": "8400",
    "lat": 22.7511,
    "lng": 90.1602,
    "timezone": "Asia/Dhaka",
    "geojson": "{}"
  },
  {
    "id": 30109,
    "upazila_id": 301,
    "name_en": "Ponabalia",
    "name_bn": "পোনাবালিয়া",
    "slug": "ponabalia",
    "postal_code": "8400",
    "lat": 22.6147,
    "lng": 90.2398,
    "timezone": "Asia/Dhaka",
    "geojson": "{}"
  },
  {
    "id": 30110,
    "upazila_id": 301,
    "name_en": "Sekherhat",
    "name_bn": "শেখেরহাট",
    "slug": "sekherhat",
    "postal_code": "8404",
    "lat": 22.6021,
    "lng": 90.1802,
    "timezone": "Asia/Dhaka",
    "geojson": "{}"
  },

  {
    "id": 30201,
    "upazila_id": 302,
    "name_en": "Nalchity",
    "name_bn": "নলছিটি",
    "slug": "nalchity-up",
    "postal_code": "8420",
    "lat": 22.5801,
    "lng": 90.2601,
    "timezone": "Asia/Dhaka",
    "geojson": "{}"
  },
  {
    "id": 30202,
    "upazila_id": 302,
    "name_en": "Bhairabpasha",
    "name_bn": "ভৈরবপাশা",
    "slug": "bhairabpasha",
    "postal_code": "8420",
    "lat": 22.5512,
    "lng": 90.3012,
    "timezone": "Asia/Dhaka",
    "geojson": "{}"
  },
  {
    "id": 30203,
    "upazila_id": 302,
    "name_en": "Kushangal",
    "name_bn": "কুশঙ্গল",
    "slug": "kushangal",
    "postal_code": "8420",
    "lat": 22.5104,
    "lng": 90.2853,
    "timezone": "Asia/Dhaka",
    "geojson": "{}"
  },
  {
    "id": 30204,
    "upazila_id": 302,
    "name_en": "Mogor",
    "name_bn": "মগড়",
    "slug": "mogor",
    "postal_code": "8420",
    "lat": 22.5641,
    "lng": 90.2102,
    "timezone": "Asia/Dhaka",
    "geojson": "{}"
  },
  {
    "id": 30205,
    "upazila_id": 302,
    "name_en": "Kulakathi",
    "name_bn": "কুলকাঠি",
    "slug": "kulakathi",
    "postal_code": "8420",
    "lat": 22.6101,
    "lng": 90.2488,
    "timezone": "Asia/Dhaka",
    "geojson": "{}"
  },
  {
    "id": 30206,
    "upazila_id": 302,
    "name_en": "Ranapasha",
    "name_bn": "রানাপাশা",
    "slug": "ranapasha",
    "postal_code": "8420",
    "lat": 22.6029,
    "lng": 90.3202,
    "timezone": "Asia/Dhaka",
    "geojson": "{}"
  },
  {
    "id": 30207,
    "upazila_id": 302,
    "name_en": "Siddhakathi",
    "name_bn": "সিদ্ধকাঠি",
    "slug": "siddhakathi",
    "postal_code": "8420",
    "lat": 22.5341,
    "lng": 90.2488,
    "timezone": "Asia/Dhaka",
    "geojson": "{}"
  },
  {
    "id": 30208,
    "upazila_id": 302,
    "name_en": "Subidpur",
    "name_bn": "সুবিদপুর",
    "slug": "subidpur",
    "postal_code": "8420",
    "lat": 22.5711,
    "lng": 90.3542,
    "timezone": "Asia/Dhaka",
    "geojson": "{}"
  },
  {
    "id": 30209,
    "upazila_id": 302,
    "name_en": "Dapdapia",
    "name_bn": "দপদপিয়া",
    "slug": "dapdapia",
    "postal_code": "8420",
    "lat": 22.6247,
    "lng": 90.3098,
    "timezone": "Asia/Dhaka",
    "geojson": "{}"
  },
  {
    "id": 30210,
    "upazila_id": 302,
    "name_en": "Nachonmohol",
    "name_bn": "নাচনমহল",
    "slug": "nachonmohol",
    "postal_code": "8420",
    "lat": 22.6105,
    "lng": 90.3801,
    "timezone": "Asia/Dhaka",
    "geojson": "{}"
  },

  {
    "id": 30301,
    "upazila_id": 303,
    "name_en": "Rajapur",
    "name_bn": "রাজাপুর",
    "slug": "rajapur-up",
    "postal_code": "8410",
    "lat": 22.6501,
    "lng": 90.1001,
    "timezone": "Asia/Dhaka",
    "geojson": "{}"
  },
  {
    "id": 30302,
    "upazila_id": 303,
    "name_en": "Baraia",
    "name_bn": "বড়াইয়া",
    "slug": "baraia",
    "postal_code": "8410",
    "lat": 22.6053,
    "lng": 90.0912,
    "timezone": "Asia/Dhaka",
    "geojson": "{}"
  },
  {
    "id": 30303,
    "upazila_id": 303,
    "name_en": "Chikni",
    "name_bn": "চিকনী",
    "slug": "chikni",
    "postal_code": "8410",
    "lat": 22.6391,
    "lng": 90.0502,
    "timezone": "Asia/Dhaka",
    "geojson": "{}"
  },
  {
    "id": 30304,
    "upazila_id": 303,
    "name_en": "Gala",
    "name_bn": "গালা",
    "slug": "gala",
    "postal_code": "8410",
    "lat": 22.6711,
    "lng": 90.0753,
    "timezone": "Asia/Dhaka",
    "geojson": "{}"
  },
  {
    "id": 30305,
    "upazila_id": 303,
    "name_en": "Saturia",
    "name_bn": "সাতুরিয়া",
    "slug": "saturia-jhalokati",
    "postal_code": "8410",
    "lat": 22.6011,
    "lng": 90.0388,
    "timezone": "Asia/Dhaka",
    "geojson": "{}"
  },
  {
    "id": 30306,
    "upazila_id": 303,
    "name_en": "Shuktagar",
    "name_bn": "শুক্তাগড়",
    "slug": "shuktagar",
    "postal_code": "8410",
    "lat": 22.5804,
    "lng": 90.0601,
    "timezone": "Asia/Dhaka",
    "geojson": "{}"
  },

  {
    "id": 30401,
    "upazila_id": 304,
    "name_en": "Kathalia Sadar",
    "name_bn": "কাঠালিয়া সদর",
    "slug": "kathalia-sadar",
    "postal_code": "8430",
    "lat": 22.4501,
    "lng": 90.1501,
    "timezone": "Asia/Dhaka",
    "geojson": "{}"
  },
  {
    "id": 30402,
    "upazila_id": 304,
    "name_en": "Amrabunia",
    "name_bn": "আমড়াবুনিয়া",
    "slug": "amrabunia",
    "postal_code": "8430",
    "lat": 22.4105,
    "lng": 90.1772,
    "timezone": "Asia/Dhaka",
    "geojson": "{}"
  },
  {
    "id": 30403,
    "upazila_id": 304,
    "name_en": "Amua",
    "name_bn": "আমুয়া",
    "slug": "amua",
    "postal_code": "8431",
    "lat": 22.4351,
    "lng": 90.0988,
    "timezone": "Asia/Dhaka",
    "geojson": "{}"
  },
  {
    "id": 30404,
    "upazila_id": 304,
    "name_en": "Baraikathi",
    "name_bn": "বড়ৈকাঠী",
    "slug": "baraikathi",
    "postal_code": "8430",
    "lat": 22.4704,
    "lng": 90.0753,
    "timezone": "Asia/Dhaka",
    "geojson": "{}"
  },
  {
    "id": 30405,
    "upazila_id": 304,
    "name_en": "Kirtipasha",
    "name_bn": "কীর্ত্তিপাশা",
    "slug": "kirtipasha-kathalia",
    "postal_code": "8430",
    "lat": 22.4845,
    "lng": 90.1276,
    "timezone": "Asia/Dhaka",
    "geojson": "{}"
  },
  {
    "id": 30406,
    "upazila_id": 304,
    "name_en": "Shoulajalia",
    "name_bn": "শৌলজালিয়া",
    "slug": "shoulajalia",
    "postal_code": "8433",
    "lat": 22.5021,
    "lng": 90.1502,
    "timezone": "Asia/Dhaka",
    "geojson": "{}"
  },
  {
    "id": 40101,
    "upazila_id": 401,
    "name_en": "Lohalia",
    "name_bn": "লোহালিয়া",
    "slug": "lohalia",
    "postal_code": "8600",
    "lat": 22.3601,
    "lng": 90.3501,
    "timezone": "Asia/Dhaka",
    "geojson": "{}"
  },
  {
    "id": 40102,
    "upazila_id": 401,
    "name_en": "Komlapur",
    "name_bn": "কমলাপুর",
    "slug": "komlapur",
    "postal_code": "8600",
    "lat": 22.3905,
    "lng": 90.3272,
    "timezone": "Asia/Dhaka",
    "geojson": "{}"
  },
  {
    "id": 40103,
    "upazila_id": 401,
    "name_en": "Auliapur",
    "name_bn": "আউলিয়াপুর",
    "slug": "auliapur",
    "postal_code": "8600",
    "lat": 22.348,
    "lng": 90.3888,
    "timezone": "Asia/Dhaka",
    "geojson": "{}"
  },
  {
    "id": 40104,
    "upazila_id": 401,
    "name_en": "Marichbunia",
    "name_bn": "মরিচবুনিয়া",
    "slug": "marichbunia",
    "postal_code": "8600",
    "lat": 22.3031,
    "lng": 90.34,
    "timezone": "Asia/Dhaka",
    "geojson": "{}"
  },
  {
    "id": 40105,
    "upazila_id": 401,
    "name_en": "Boro Bighai",
    "name_bn": "বড় বিঘাই",
    "slug": "boro-bighai",
    "postal_code": "8600",
    "lat": 22.32,
    "lng": 90.2901,
    "timezone": "Asia/Dhaka",
    "geojson": "{}"
  },
  {
    "id": 40106,
    "upazila_id": 401,
    "name_en": "Choto Bighai",
    "name_bn": "ছোট বিঘাই",
    "slug": "choto-bighai",
    "postal_code": "8600",
    "lat": 22.2845,
    "lng": 90.3576,
    "timezone": "Asia/Dhaka",
    "geojson": "{}"
  },
  {
    "id": 40107,
    "upazila_id": 401,
    "name_en": "Itbaria",
    "name_bn": "ইটবাড়ীয়া",
    "slug": "itbaria",
    "postal_code": "8600",
    "lat": 22.4202,
    "lng": 90.3798,
    "timezone": "Asia/Dhaka",
    "geojson": "{}"
  },
  {
    "id": 40108,
    "upazila_id": 401,
    "name_en": "Badhura",
    "name_bn": "বাধুরা",
    "slug": "badhura",
    "postal_code": "8600",
    "lat": 22.4511,
    "lng": 90.3402,
    "timezone": "Asia/Dhaka",
    "geojson": "{}"
  },
  {
    "id": 40109,
    "upazila_id": 401,
    "name_en": "Madarbunia",
    "name_bn": "মাদারবুনিয়া",
    "slug": "madarbunia",
    "postal_code": "8600",
    "lat": 22.2547,
    "lng": 90.3998,
    "timezone": "Asia/Dhaka",
    "geojson": "{}"
  },
  {
    "id": 40110,
    "upazila_id": 401,
    "name_en": "Kalikapur",
    "name_bn": "কালিকাপুর",
    "slug": "kalikapur",
    "postal_code": "8600",
    "lat": 22.3101,
    "lng": 90.4102,
    "timezone": "Asia/Dhaka",
    "geojson": "{}"
  },
  {
    "id": 40111,
    "upazila_id": 401,
    "name_en": "Avoypur",
    "name_bn": "অভয়পুর",
    "slug": "avoypur",
    "postal_code": "8600",
    "lat": 22.4801,
    "lng": 90.3601,
    "timezone": "Asia/Dhaka",
    "geojson": "{}"
  },
  {
    "id": 40112,
    "upazila_id": 401,
    "name_en": "Chotobighai",
    "name_bn": "ছোটবিঘাই",
    "slug": "chotobighai-patuakhali",
    "postal_code": "8600",
    "lat": 22.3412,
    "lng": 90.3012,
    "timezone": "Asia/Dhaka",
    "geojson": "{}"
  },
  {
    "id": 40113,
    "upazila_id": 401,
    "name_en": "Boro Bighai",
    "name_bn": "বড়বিঘাই",
    "slug": "boro-bighai-patuakhali",
    "postal_code": "8600",
    "lat": 22.2904,
    "lng": 90.2853,
    "timezone": "Asia/Dhaka",
    "geojson": "{}"
  },
  {
    "id": 40114,
    "upazila_id": 401,
    "name_en": "Sadar",
    "name_bn": "সদর",
    "slug": "sadar-patuakhali",
    "postal_code": "8600",
    "lat": 22.3441,
    "lng": 90.3452,
    "timezone": "Asia/Dhaka",
    "geojson": "{}"
  },

  {
    "id": 40201,
    "upazila_id": 402,
    "name_en": "Kaliya",
    "name_bn": "কালিয়া",
    "slug": "kaliya",
    "postal_code": "8670",
    "lat": 22.4201,
    "lng": 90.5801,
    "timezone": "Asia/Dhaka",
    "geojson": "{}"
  },
  {
    "id": 40202,
    "upazila_id": 402,
    "name_en": "Kasba",
    "name_bn": "কসবা",
    "slug": "kasba-baufal",
    "postal_code": "8670",
    "lat": 22.5011,
    "lng": 90.6112,
    "timezone": "Asia/Dhaka",
    "geojson": "{}"
  },
  {
    "id": 40203,
    "upazila_id": 402,
    "name_en": "Daspara",
    "name_bn": "দাসপাড়া",
    "slug": "daspara",
    "postal_code": "8670",
    "lat": 22.4491,
    "lng": 90.6402,
    "timezone": "Asia/Dhaka",
    "geojson": "{}"
  },
  {
    "id": 40204,
    "upazila_id": 402,
    "name_en": "Dhulia",
    "name_bn": "ধুলিয়া",
    "slug": "dhulia",
    "postal_code": "8670",
    "lat": 22.4802,
    "lng": 90.6853,
    "timezone": "Asia/Dhaka",
    "geojson": "{}"
  },
  {
    "id": 40205,
    "upazila_id": 402,
    "name_en": "Gacchia",
    "name_bn": "গাছিয়া",
    "slug": "gacchia",
    "postal_code": "8670",
    "lat": 22.51,
    "lng": 90.7201,
    "timezone": "Asia/Dhaka",
    "geojson": "{}"
  },
  {
    "id": 40206,
    "upazila_id": 402,
    "name_en": "Kalishuri",
    "name_bn": "কালিশুরী",
    "slug": "kalishuri",
    "postal_code": "8670",
    "lat": 22.4645,
    "lng": 90.5576,
    "timezone": "Asia/Dhaka",
    "geojson": "{}"
  },
  {
    "id": 40207,
    "upazila_id": 402,
    "name_en": "Keshabpur",
    "name_bn": "কেশবপুর",
    "slug": "keshabpur-baufal",
    "postal_code": "8670",
    "lat": 22.5302,
    "lng": 90.6098,
    "timezone": "Asia/Dhaka",
    "geojson": "{}"
  },
  {
    "id": 40208,
    "upazila_id": 402,
    "name_en": "Nabaganga",
    "name_bn": "নবাগঙ্গা",
    "slug": "nabaganga",
    "postal_code": "8670",
    "lat": 22.5711,
    "lng": 90.6602,
    "timezone": "Asia/Dhaka",
    "geojson": "{}"
  },
  {
    "id": 40209,
    "upazila_id": 402,
    "name_en": "Naukanda",
    "name_bn": "নৌকাংদা",
    "slug": "naukanda",
    "postal_code": "8670",
    "lat": 22.5047,
    "lng": 90.6998,
    "timezone": "Asia/Dhaka",
    "geojson": "{}"
  },
  {
    "id": 40210,
    "upazila_id": 402,
    "name_en": "Surjamoni",
    "name_bn": "সূর্যমনি",
    "slug": "surjamoni",
    "postal_code": "8670",
    "lat": 22.4401,
    "lng": 90.7102,
    "timezone": "Asia/Dhaka",
    "geojson": "{}"
  },
  {
    "id": 40211,
    "upazila_id": 402,
    "name_en": "Baufal",
    "name_bn": "বাউফল",
    "slug": "baufal-up",
    "postal_code": "8670",
    "lat": 22.4501,
    "lng": 90.6501,
    "timezone": "Asia/Dhaka",
    "geojson": "{}"
  },
  {
    "id": 40212,
    "upazila_id": 402,
    "name_en": "Konokdia",
    "name_bn": "কনকদিয়া",
    "slug": "konokdia",
    "postal_code": "8670",
    "lat": 22.5541,
    "lng": 90.5852,
    "timezone": "Asia/Dhaka",
    "geojson": "{}"
  },
  {
    "id": 40213,
    "upazila_id": 402,
    "name_en": "Adabaria",
    "name_bn": "আদাবাড়িয়া",
    "slug": "adabaria",
    "postal_code": "8670",
    "lat": 22.529,
    "lng": 90.5401,
    "timezone": "Asia/Dhaka",
    "geojson": "{}"
  },
  {
    "id": 40214,
    "upazila_id": 402,
    "name_en": "Bandar",
    "name_bn": "বন্দর",
    "slug": "bandar-baufal",
    "postal_code": "8670",
    "lat": 22.5605,
    "lng": 90.6301,
    "timezone": "Asia/Dhaka",
    "geojson": "{}"
  },

  {
    "id": 40301,
    "upazila_id": 403,
    "name_en": "Dashmina",
    "name_bn": "দশমিনা",
    "slug": "dashmina-up",
    "postal_code": "8650",
    "lat": 22.3801,
    "lng": 90.6701,
    "timezone": "Asia/Dhaka",
    "geojson": "{}"
  },
  {
    "id": 40302,
    "upazila_id": 403,
    "name_en": "Alipur",
    "name_bn": "আলীপুর",
    "slug": "alipur-dashmina",
    "postal_code": "8650",
    "lat": 22.4011,
    "lng": 90.7012,
    "timezone": "Asia/Dhaka",
    "geojson": "{}"
  },
  {
    "id": 40303,
    "upazila_id": 403,
    "name_en": "Banshbaria",
    "name_bn": "বাঁশবাড়িয়া",
    "slug": "banshbaria-dashmina",
    "postal_code": "8650",
    "lat": 22.4204,
    "lng": 90.6853,
    "timezone": "Asia/Dhaka",
    "geojson": "{}"
  },
  {
    "id": 40304,
    "upazila_id": 403,
    "name_en": "Betagi Shantipara",
    "name_bn": "বেতাগী শান্তিপাড়া",
    "slug": "betagi-shantipara",
    "postal_code": "8650",
    "lat": 22.4491,
    "lng": 90.6302,
    "timezone": "Asia/Dhaka",
    "geojson": "{}"
  },
  {
    "id": 40305,
    "upazila_id": 403,
    "name_en": "Charkajol",
    "name_bn": "চরকাজল",
    "slug": "charkajol",
    "postal_code": "8650",
    "lat": 22.48,
    "lng": 90.7201,
    "timezone": "Asia/Dhaka",
    "geojson": "{}"
  },
  {
    "id": 40306,
    "upazila_id": 403,
    "name_en": "Charkhalifa",
    "name_bn": "চরখালিফা",
    "slug": "charkhalifa",
    "postal_code": "8650",
    "lat": 22.5045,
    "lng": 90.6976,
    "timezone": "Asia/Dhaka",
    "geojson": "{}"
  },
  {
    "id": 40307,
    "upazila_id": 403,
    "name_en": "Bhadra",
    "name_bn": "ভদ্রা",
    "slug": "bhadra",
    "postal_code": "8650",
    "lat": 22.4602,
    "lng": 90.6598,
    "timezone": "Asia/Dhaka",
    "geojson": "{}"
  },

  {
    "id": 40401,
    "upazila_id": 404,
    "name_en": "Pangashia",
    "name_bn": "পাঙ্গাশিয়া",
    "slug": "pangashia",
    "postal_code": "8602",
    "lat": 22.4701,
    "lng": 90.3001,
    "timezone": "Asia/Dhaka",
    "geojson": "{}"
  },
  {
    "id": 40402,
    "upazila_id": 404,
    "name_en": "Lebukhali",
    "name_bn": "লেবুখালী",
    "slug": "lebukhali",
    "postal_code": "8602",
    "lat": 22.4411,
    "lng": 90.2812,
    "timezone": "Asia/Dhaka",
    "geojson": "{}"
  },
  {
    "id": 40403,
    "upazila_id": 404,
    "name_en": "Muradia",
    "name_bn": "মুরাদিয়া",
    "slug": "muradia-dumki",
    "postal_code": "8602",
    "lat": 22.4191,
    "lng": 90.2502,
    "timezone": "Asia/Dhaka",
    "geojson": "{}"
  },
  {
    "id": 40404,
    "upazila_id": 404,
    "name_en": "Sreerampur",
    "name_bn": "শ্রীরামপুর",
    "slug": "sreerampur-dumki",
    "postal_code": "8602",
    "lat": 22.4004,
    "lng": 90.3153,
    "timezone": "Asia/Dhaka",
    "geojson": "{}"
  },
  {
    "id": 40405,
    "upazila_id": 404,
    "name_en": "Dumki Sadar",
    "name_bn": "ডুমকি সদর",
    "slug": "dumki-sadar",
    "postal_code": "8602",
    "lat": 22.3845,
    "lng": 90.2876,
    "timezone": "Asia/Dhaka",
    "geojson": "{}"
  },

  {
    "id": 40501,
    "upazila_id": 405,
    "name_en": "Galachipa",
    "name_bn": "গলাচিপা",
    "slug": "galachipa-up",
    "postal_code": "8660",
    "lat": 22.2101,
    "lng": 90.3701,
    "timezone": "Asia/Dhaka",
    "geojson": "{}"
  },
  {
    "id": 40502,
    "upazila_id": 405,
    "name_en": "Badnatali",
    "name_bn": "বদনাতলী",
    "slug": "badnatali",
    "postal_code": "8660",
    "lat": 22.2511,
    "lng": 90.4112,
    "timezone": "Asia/Dhaka",
    "geojson": "{}"
  },
  {
    "id": 40503,
    "upazila_id": 405,
    "name_en": "Chiknikandi",
    "name_bn": "চিকনিকান্দি",
    "slug": "chiknikandi",
    "postal_code": "8660",
    "lat": 22.2704,
    "lng": 90.3853,
    "timezone": "Asia/Dhaka",
    "geojson": "{}"
  },
  {
    "id": 40504,
    "upazila_id": 405,
    "name_en": "Ratanadi Taltali",
    "name_bn": "রতনাদী তালতলী",
    "slug": "ratanadi-taltali",
    "postal_code": "8660",
    "lat": 22.2891,
    "lng": 90.4202,
    "timezone": "Asia/Dhaka",
    "geojson": "{}"
  },
  {
    "id": 40505,
    "upazila_id": 405,
    "name_en": "Gourobdi",
    "name_bn": "গৌরবদী",
    "slug": "gourobdi",
    "postal_code": "8660",
    "lat": 22.31,
    "lng": 90.4501,
    "timezone": "Asia/Dhaka",
    "geojson": "{}"
  },
  {
    "id": 40506,
    "upazila_id": 405,
    "name_en": "Panpatti",
    "name_bn": "পানপট্টি",
    "slug": "panpatti",
    "postal_code": "8660",
    "lat": 22.3345,
    "lng": 90.4776,
    "timezone": "Asia/Dhaka",
    "geojson": "{}"
  },
  {
    "id": 40507,
    "upazila_id": 405,
    "name_en": "Dakua",
    "name_bn": "ডাকা",
    "slug": "dakua",
    "postal_code": "8660",
    "lat": 22.3502,
    "lng": 90.4998,
    "timezone": "Asia/Dhaka",
    "geojson": "{}"
  },
  {
    "id": 40508,
    "upazila_id": 405,
    "name_en": "Kukua",
    "name_bn": "কুকুয়া",
    "slug": "kukua-galachipa",
    "postal_code": "8660",
    "lat": 22.2047,
    "lng": 90.4402,
    "timezone": "Asia/Dhaka",
    "geojson": "{}"
  },
  {
    "id": 40509,
    "upazila_id": 405,
    "name_en": "Golakhali",
    "name_bn": "গোলাখালী",
    "slug": "golakhali",
    "postal_code": "8660",
    "lat": 22.2201,
    "lng": 90.4901,
    "timezone": "Asia/Dhaka",
    "geojson": "{}"
  },
  {
    "id": 40510,
    "upazila_id": 405,
    "name_en": "Amtali",
    "name_bn": "আমতলী",
    "slug": "amtali-galachipa",
    "postal_code": "8660",
    "lat": 22.2341,
    "lng": 90.5252,
    "timezone": "Asia/Dhaka",
    "geojson": "{}"
  },
  {
    "id": 40511,
    "upazila_id": 405,
    "name_en": "Kalagachhia",
    "name_bn": "কলাগছিয়া",
    "slug": "kalagachhia",
    "postal_code": "8660",
    "lat": 22.289,
    "lng": 90.5501,
    "timezone": "Asia/Dhaka",
    "geojson": "{}"
  },
  {
    "id": 40512,
    "upazila_id": 405,
    "name_en": "Char Biswas",
    "name_bn": "চর বিশ্বাস",
    "slug": "char-biswas",
    "postal_code": "8660",
    "lat": 22.1805,
    "lng": 90.4601,
    "timezone": "Asia/Dhaka",
    "geojson": "{}"
  },

  {
    "id": 40601,
    "upazila_id": 406,
    "name_en": "Kalapara",
    "name_bn": "কলাপাড়া",
    "slug": "kalapara-up",
    "postal_code": "8610",
    "lat": 22.0801,
    "lng": 90.2501,
    "timezone": "Asia/Dhaka",
    "geojson": "{}"
  },
  {
    "id": 40602,
    "upazila_id": 406,
    "name_en": "Balatali",
    "name_bn": "বালাতলী",
    "slug": "balatali",
    "postal_code": "8610",
    "lat": 22.1211,
    "lng": 90.3012,
    "timezone": "Asia/Dhaka",
    "geojson": "{}"
  },
  {
    "id": 40603,
    "upazila_id": 406,
    "name_en": "Chapali",
    "name_bn": "চাপলী",
    "slug": "chapali",
    "postal_code": "8610",
    "lat": 22.1404,
    "lng": 90.2853,
    "timezone": "Asia/Dhaka",
    "geojson": "{}"
  },
  {
    "id": 40604,
    "upazila_id": 406,
    "name_en": "Dhulashar",
    "name_bn": "ধুলাসার",
    "slug": "dhulashar",
    "postal_code": "8610",
    "lat": 22.1691,
    "lng": 90.2302,
    "timezone": "Asia/Dhaka",
    "geojson": "{}"
  },
  {
    "id": 40605,
    "upazila_id": 406,
    "name_en": "Lata",
    "name_bn": "লতা",
    "slug": "lata-kalapara",
    "postal_code": "8610",
    "lat": 22.2,
    "lng": 90.2901,
    "timezone": "Asia/Dhaka",
    "geojson": "{}"
  },
  {
    "id": 40606,
    "upazila_id": 406,
    "name_en": "Mahipur",
    "name_bn": "মহিপুর",
    "slug": "mahipur",
    "postal_code": "8610",
    "lat": 22.2345,
    "lng": 90.2576,
    "timezone": "Asia/Dhaka",
    "geojson": "{}"
  },
  {
    "id": 40607,
    "upazila_id": 406,
    "name_en": "Mithaganj",
    "name_bn": "মিঠাগঞ্জ",
    "slug": "mithaganj",
    "postal_code": "8610",
    "lat": 22.2502,
    "lng": 90.1998,
    "timezone": "Asia/Dhaka",
    "geojson": "{}"
  },
  {
    "id": 40608,
    "upazila_id": 406,
    "name_en": "Nilganj",
    "name_bn": "নীলগঞ্জ",
    "slug": "nilganj",
    "postal_code": "8610",
    "lat": 22.2047,
    "lng": 90.1702,
    "timezone": "Asia/Dhaka",
    "geojson": "{}"
  },
  {
    "id": 40609,
    "upazila_id": 406,
    "name_en": "Tiakhali",
    "name_bn": "টিয়াখালী",
    "slug": "tiakhali",
    "postal_code": "8610",
    "lat": 22.1801,
    "lng": 90.1401,
    "timezone": "Asia/Dhaka",
    "geojson": "{}"
  },
  {
    "id": 40610,
    "upazila_id": 406,
    "name_en": "Dakkhin Dhulashar",
    "name_bn": "দক্ষিণ ধুলাসার",
    "slug": "dakkhin-dhulashar",
    "postal_code": "8610",
    "lat": 22.1541,
    "lng": 90.1852,
    "timezone": "Asia/Dhaka",
    "geojson": "{}"
  },
  {
    "id": 40611,
    "upazila_id": 406,
    "name_en": "Latachapli",
    "name_bn": "লতাচাপলী",
    "slug": "latachapli",
    "postal_code": "8610",
    "lat": 22.099,
    "lng": 90.2201,
    "timezone": "Asia/Dhaka",
    "geojson": "{}"
  },
  {
    "id": 40612,
    "upazila_id": 406,
    "name_en": "Dalbuganj",
    "name_bn": "ডালবুগঞ্জ",
    "slug": "dalbuganj",
    "postal_code": "8610",
    "lat": 22.1105,
    "lng": 90.1901,
    "timezone": "Asia/Dhaka",
    "geojson": "{}"
  },

  {
    "id": 40701,
    "upazila_id": 407,
    "name_en": "Mirzaganj",
    "name_bn": "মির্জাগঞ্জ",
    "slug": "mirzaganj-up",
    "postal_code": "8640",
    "lat": 22.4201,
    "lng": 90.1601,
    "timezone": "Asia/Dhaka",
    "geojson": "{}"
  },
  {
    "id": 40702,
    "upazila_id": 407,
    "name_en": "Deuli Subidkhali",
    "name_bn": "দেউলী সুবিদখালী",
    "slug": "deuli-subidkhali",
    "postal_code": "8641",
    "lat": 22.3911,
    "lng": 90.1312,
    "timezone": "Asia/Dhaka",
    "geojson": "{}"
  },
  {
    "id": 40703,
    "upazila_id": 407,
    "name_en": "Amragachhia",
    "name_bn": "আমড়াগাছিয়া",
    "slug": "amragachhia",
    "postal_code": "8640",
    "lat": 22.3704,
    "lng": 90.1853,
    "timezone": "Asia/Dhaka",
    "geojson": "{}"
  },
  {
    "id": 40704,
    "upazila_id": 407,
    "name_en": "Bhaina",
    "name_bn": "ভয়না",
    "slug": "bhaina",
    "postal_code": "8640",
    "lat": 22.3591,
    "lng": 90.2102,
    "timezone": "Asia/Dhaka",
    "geojson": "{}"
  },
  {
    "id": 40705,
    "upazila_id": 407,
    "name_en": "Madhabkhali",
    "name_bn": "মাধবখালী",
    "slug": "madhabkhali",
    "postal_code": "8640",
    "lat": 22.33,
    "lng": 90.1701,
    "timezone": "Asia/Dhaka",
    "geojson": "{}"
  },
  {
    "id": 40706,
    "upazila_id": 407,
    "name_en": "Kakrabunia",
    "name_bn": "কাঁকড়াবুনিয়া",
    "slug": "kakrabunia",
    "postal_code": "8640",
    "lat": 22.4445,
    "lng": 90.1976,
    "timezone": "Asia/Dhaka",
    "geojson": "{}"
  },

  {
    "id": 40801,
    "upazila_id": 408,
    "name_en": "Rangabali",
    "name_bn": "রাঙ্গাবালী",
    "slug": "rangabali-up",
    "postal_code": "8690",
    "lat": 22.0901,
    "lng": 90.5201,
    "timezone": "Asia/Dhaka",
    "geojson": "{}"
  },
  {
    "id": 40802,
    "upazila_id": 408,
    "name_en": "Barobaisdia",
    "name_bn": "বড় বাইশদিয়া",
    "slug": "barobaisdia",
    "postal_code": "8690",
    "lat": 22.0511,
    "lng": 90.5512,
    "timezone": "Asia/Dhaka",
    "geojson": "{}"
  },
  {
    "id": 40803,
    "upazila_id": 408,
    "name_en": "Chotobaisdia",
    "name_bn": "ছোট বাইশদিয়া",
    "slug": "chotobaisdia",
    "postal_code": "8690",
    "lat": 22.1004,
    "lng": 90.5853,
    "timezone": "Asia/Dhaka",
    "geojson": "{}"
  },
  {
    "id": 40804,
    "upazila_id": 408,
    "name_en": "Charkhanga",
    "name_bn": "চর খাংগা",
    "slug": "charkhanga",
    "postal_code": "8690",
    "lat": 22.1391,
    "lng": 90.6202,
    "timezone": "Asia/Dhaka",
    "geojson": "{}"
  },
  {
    "id": 40805,
    "upazila_id": 408,
    "name_en": "Char Montaz",
    "name_bn": "চর মন্তাজ",
    "slug": "char-montaz",
    "postal_code": "8690",
    "lat": 22.15,
    "lng": 90.6501,
    "timezone": "Asia/Dhaka",
    "geojson": "{}"
  },
  {
    "id": 40806,
    "upazila_id": 408,
    "name_en": "Chandra",
    "name_bn": "চন্দ্রা",
    "slug": "chandra",
    "postal_code": "8690",
    "lat": 22.1645,
    "lng": 90.6876,
    "timezone": "Asia/Dhaka",
    "geojson": "{}"
  },
  {
    "id": 50101,
    "upazila_id": 501,
    "name_en": "Khadamabad",
    "name_bn": "খামদাবাদ",
    "slug": "khadamabad",
    "postal_code": "8500",
    "lat": 22.5601,
    "lng": 89.9801,
    "timezone": "Asia/Dhaka",
    "geojson": "{}"
  },
  {
    "id": 50102,
    "upazila_id": 501,
    "name_en": "Durgapur",
    "name_bn": "দূর্গাপুর",
    "slug": "durgapur-pirojpur",
    "postal_code": "8500",
    "lat": 22.5811,
    "lng": 89.9612,
    "timezone": "Asia/Dhaka",
    "geojson": "{}"
  },
  {
    "id": 50103,
    "upazila_id": 501,
    "name_en": "Shariktola",
    "name_bn": "শরিকতলা",
    "slug": "shariktola",
    "postal_code": "8500",
    "lat": 22.5904,
    "lng": 90.0053,
    "timezone": "Asia/Dhaka",
    "geojson": "{}"
  },
  {
    "id": 50104,
    "upazila_id": 501,
    "name_en": "Shankar Pashia",
    "name_bn": "শংকর পাশা",
    "slug": "shankar-pashia",
    "postal_code": "8500",
    "lat": 22.6191,
    "lng": 90.0402,
    "timezone": "Asia/Dhaka",
    "geojson": "{}"
  },
  {
    "id": 50105,
    "upazila_id": 501,
    "name_en": "Tona",
    "name_bn": "টোনা",
    "slug": "tona",
    "postal_code": "8500",
    "lat": 22.63,
    "lng": 90.0601,
    "timezone": "Asia/Dhaka",
    "geojson": "{}"
  },
  {
    "id": 50106,
    "upazila_id": 501,
    "name_en": "Kolakhali",
    "name_bn": "কলাখালী",
    "slug": "kolakhali",
    "postal_code": "8500",
    "lat": 22.6545,
    "lng": 90.0176,
    "timezone": "Asia/Dhaka",
    "geojson": "{}"
  },
  {
    "id": 50107,
    "upazila_id": 501,
    "name_en": "Shikarpur",
    "name_bn": "শিকারপুর",
    "slug": "shikarpur-pirojpur",
    "postal_code": "8500",
    "lat": 22.6802,
    "lng": 89.9798,
    "timezone": "Asia/Dhaka",
    "geojson": "{}"
  },
  {
    "id": 50108,
    "upazila_id": 501,
    "name_en": "Tevda",
    "name_bn": "টেবদা",
    "slug": "tevda",
    "postal_code": "8500",
    "lat": 22.7011,
    "lng": 90.0002,
    "timezone": "Asia/Dhaka",
    "geojson": "{}"
  },
  {
    "id": 50109,
    "upazila_id": 501,
    "name_en": "Pirojpur Sadar",
    "name_bn": "পিরোজপুর সদর",
    "slug": "pirojpur-sadar-up",
    "postal_code": "8500",
    "lat": 22.5847,
    "lng": 90.0298,
    "timezone": "Asia/Dhaka",
    "geojson": "{}"
  },
  {
    "id": 50110,
    "upazila_id": 501,
    "name_en": "Darikhamdabad",
    "name_bn": "দরিকামদাবাদ",
    "slug": "darikhamdabad",
    "postal_code": "8500",
    "lat": 22.6401,
    "lng": 90.0401,
    "timezone": "Asia/Dhaka",
    "geojson": "{}"
  },

  {
    "id": 50201,
    "upazila_id": 502,
    "name_en": "Bhandaria",
    "name_bn": "ভান্ডারিয়া",
    "slug": "bhandaria-up",
    "postal_code": "8540",
    "lat": 22.4801,
    "lng": 90.0501,
    "timezone": "Asia/Dhaka",
    "geojson": "{}"
  },
  {
    "id": 50202,
    "upazila_id": 502,
    "name_en": "Gouripur",
    "name_bn": "গৌরীপুর",
    "slug": "gouripur-bhandaria",
    "postal_code": "8540",
    "lat": 22.4511,
    "lng": 90.0812,
    "timezone": "Asia/Dhaka",
    "geojson": "{}"
  },
  {
    "id": 50203,
    "upazila_id": 502,
    "name_en": "Telikhali",
    "name_bn": "তেলিখালী",
    "slug": "telikhali",
    "postal_code": "8540",
    "lat": 22.4691,
    "lng": 90.0202,
    "timezone": "Asia/Dhaka",
    "geojson": "{}"
  },
  {
    "id": 50204,
    "upazila_id": 502,
    "name_en": "Bichkhali",
    "name_bn": "বিচখালী",
    "slug": "bichkhali",
    "postal_code": "8540",
    "lat": 22.4904,
    "lng": 90.0753,
    "timezone": "Asia/Dhaka",
    "geojson": "{}"
  },
  {
    "id": 50205,
    "upazila_id": 502,
    "name_en": "Dhanibunia",
    "name_bn": "ধনীয়া",
    "slug": "dhanibunia",
    "postal_code": "8540",
    "lat": 22.51,
    "lng": 90.0901,
    "timezone": "Asia/Dhaka",
    "geojson": "{}"
  },
  {
    "id": 50206,
    "upazila_id": 502,
    "name_en": "Vitabaria",
    "name_bn": "ভিটাবাড়িয়া",
    "slug": "vitabaria",
    "postal_code": "8540",
    "lat": 22.5345,
    "lng": 90.0576,
    "timezone": "Asia/Dhaka",
    "geojson": "{}"
  },
  {
    "id": 50207,
    "upazila_id": 502,
    "name_en": "Ikri",
    "name_bn": "ইকরি",
    "slug": "ikri",
    "postal_code": "8540",
    "lat": 22.5002,
    "lng": 90.0098,
    "timezone": "Asia/Dhaka",
    "geojson": "{}"
  },

  {
    "id": 50301,
    "upazila_id": 503,
    "name_en": "Kaukhali",
    "name_bn": "কাউখালী",
    "slug": "kaukhali-up",
    "postal_code": "8510",
    "lat": 22.6501,
    "lng": 89.9201,
    "timezone": "Asia/Dhaka",
    "geojson": "{}"
  },
  {
    "id": 50302,
    "upazila_id": 503,
    "name_en": "Chirapara Parshatola",
    "name_bn": "চিরাপাড়া পারসাতলা",
    "slug": "chirapara-parshatola",
    "postal_code": "8510",
    "lat": 22.6311,
    "lng": 89.9012,
    "timezone": "Asia/Dhaka",
    "geojson": "{}"
  },
  {
    "id": 50303,
    "upazila_id": 503,
    "name_en": "Amrajuri",
    "name_bn": "আমরাজুরী",
    "slug": "amrajuri",
    "postal_code": "8510",
    "lat": 22.6104,
    "lng": 89.8853,
    "timezone": "Asia/Dhaka",
    "geojson": "{}"
  },
  {
    "id": 50304,
    "upazila_id": 503,
    "name_en": "Sayna Raghunathpur",
    "name_bn": "সায়না রঘুনাথপুর",
    "slug": "sayna-raghunathpur",
    "postal_code": "8510",
    "lat": 22.6791,
    "lng": 89.9402,
    "timezone": "Asia/Dhaka",
    "geojson": "{}"
  },
  {
    "id": 50305,
    "upazila_id": 503,
    "name_en": "Shialkathi",
    "name_bn": "শিয়ালকাঠী",
    "slug": "shialkathi",
    "postal_code": "8510",
    "lat": 22.69,
    "lng": 89.9101,
    "timezone": "Asia/Dhaka",
    "geojson": "{}"
  },

  {
    "id": 50401,
    "upazila_id": 504,
    "name_en": "Swarupkati",
    "name_bn": "স্বরুপকাঠী",
    "slug": "swarupkati",
    "postal_code": "8520",
    "lat": 22.7501,
    "lng": 90.0001,
    "timezone": "Asia/Dhaka",
    "geojson": "{}"
  },
  {
    "id": 50402,
    "upazila_id": 504,
    "name_en": "Sohagdal",
    "name_bn": "সোহাগদল",
    "slug": "sohagdal",
    "postal_code": "8520",
    "lat": 22.7811,
    "lng": 90.0312,
    "timezone": "Asia/Dhaka",
    "geojson": "{}"
  },
  {
    "id": 50403,
    "upazila_id": 504,
    "name_en": "Sikharkathi",
    "name_bn": "শিখারকাঠী",
    "slug": "sikharkathi",
    "postal_code": "8520",
    "lat": 22.8004,
    "lng": 90.0553,
    "timezone": "Asia/Dhaka",
    "geojson": "{}"
  },
  {
    "id": 50404,
    "upazila_id": 504,
    "name_en": "Sayestabad",
    "name_bn": "শায়েস্তাবাদ",
    "slug": "sayestabad-pirojpur",
    "postal_code": "8520",
    "lat": 22.8291,
    "lng": 90.0802,
    "timezone": "Asia/Dhaka",
    "geojson": "{}"
  },
  {
    "id": 50405,
    "upazila_id": 504,
    "name_en": "Inderhat",
    "name_bn": "ইন্দরহাট",
    "slug": "inderhat",
    "postal_code": "8520",
    "lat": 22.79,
    "lng": 89.9801,
    "timezone": "Asia/Dhaka",
    "geojson": "{}"
  },
  {
    "id": 50406,
    "upazila_id": 504,
    "name_en": "Baliakanda",
    "name_bn": "বালিয়াকান্দা",
    "slug": "baliakanda",
    "postal_code": "8520",
    "lat": 22.7645,
    "lng": 89.9576,
    "timezone": "Asia/Dhaka",
    "geojson": "{}"
  },
  {
    "id": 50407,
    "upazila_id": 504,
    "name_en": "Darus Salam",
    "name_bn": "দারুস সালাম",
    "slug": "darus-salam",
    "postal_code": "8520",
    "lat": 22.7402,
    "lng": 89.9298,
    "timezone": "Asia/Dhaka",
    "geojson": "{}"
  },
  {
    "id": 50408,
    "upazila_id": 504,
    "name_en": "Jalabari",
    "name_bn": "জলবাড়ী",
    "slug": "jalabari",
    "postal_code": "8520",
    "lat": 22.7102,
    "lng": 89.9502,
    "timezone": "Asia/Dhaka",
    "geojson": "{}"
  },
  {
    "id": 50409,
    "upazila_id": 504,
    "name_en": "Atghar Kuriana",
    "name_bn": "আটঘর কুড়িয়ানা",
    "slug": "atghar-kuriana",
    "postal_code": "8520",
    "lat": 22.6847,
    "lng": 89.9898,
    "timezone": "Asia/Dhaka",
    "geojson": "{}"
  },
  {
    "id": 50410,
    "upazila_id": 504,
    "name_en": "Amiyanagar",
    "name_bn": "আমিয়ানগর",
    "slug": "amiyanagar",
    "postal_code": "8520",
    "lat": 22.6601,
    "lng": 90.0101,
    "timezone": "Asia/Dhaka",
    "geojson": "{}"
  },

  {
    "id": 50501,
    "upazila_id": 505,
    "name_en": "Nazirpur",
    "name_bn": "নাজিরপুর",
    "slug": "nazirpur-up",
    "postal_code": "8550",
    "lat": 22.7801,
    "lng": 89.9901,
    "timezone": "Asia/Dhaka",
    "geojson": "{}"
  },
  {
    "id": 50502,
    "upazila_id": 505,
    "name_en": "Shakharikathi",
    "name_bn": "শাখারীকাঠী",
    "slug": "shakharikathi",
    "postal_code": "8550",
    "lat": 22.8111,
    "lng": 90.0112,
    "timezone": "Asia/Dhaka",
    "geojson": "{}"
  },
  {
    "id": 50503,
    "upazila_id": 505,
    "name_en": "Malar Dah",
    "name_bn": "মালারদহ",
    "slug": "malar-dah",
    "postal_code": "8550",
    "lat": 22.8404,
    "lng": 89.9853,
    "timezone": "Asia/Dhaka",
    "geojson": "{}"
  },
  {
    "id": 50504,
    "upazila_id": 505,
    "name_en": "Sreeramkathi",
    "name_bn": "শ্রীরামকাঠী",
    "slug": "sreeramkathi",
    "postal_code": "8550",
    "lat": 22.8691,
    "lng": 90.0202,
    "timezone": "Asia/Dhaka",
    "geojson": "{}"
  },
  {
    "id": 50505,
    "upazila_id": 505,
    "name_en": "Lotra",
    "name_bn": "লটরা",
    "slug": "lotra",
    "postal_code": "8550",
    "lat": 22.89,
    "lng": 90.0501,
    "timezone": "Asia/Dhaka",
    "geojson": "{}"
  },
  {
    "id": 50506,
    "upazila_id": 505,
    "name_en": "Deulabari",
    "name_bn": "দেউলবাড়ী",
    "slug": "deulabari",
    "postal_code": "8550",
    "lat": 22.9145,
    "lng": 90.0176,
    "timezone": "Asia/Dhaka",
    "geojson": "{}"
  },
  {
    "id": 50507,
    "upazila_id": 505,
    "name_en": "Khalishakhali",
    "name_bn": "খলিশাখালী",
    "slug": "khalishakhali",
    "postal_code": "8550",
    "lat": 22.8702,
    "lng": 89.9798,
    "timezone": "Asia/Dhaka",
    "geojson": "{}"
  },
  {
    "id": 50508,
    "upazila_id": 505,
    "name_en": "Ghoperhat",
    "name_bn": "ঘোপেরহাট",
    "slug": "ghoperhat",
    "postal_code": "8550",
    "lat": 22.8502,
    "lng": 90.0002,
    "timezone": "Asia/Dhaka",
    "geojson": "{}"
  },
  {
    "id": 50509,
    "upazila_id": 505,
    "name_en": "Matibhanga",
    "name_bn": "মাটিভাংগা",
    "slug": "matibhanga",
    "postal_code": "8550",
    "lat": 22.9047,
    "lng": 89.9398,
    "timezone": "Asia/Dhaka",
    "geojson": "{}"
  },

  {
    "id": 50601,
    "upazila_id": 506,
    "name_en": "Indurkani",
    "name_bn": "ইন্দুরকানী",
    "slug": "indurkani-up",
    "postal_code": "8523",
    "lat": 22.5101,
    "lng": 90.1001,
    "timezone": "Asia/Dhaka",
    "geojson": "{}"
  },
  {
    "id": 50602,
    "upazila_id": 506,
    "name_en": "Parerhat",
    "name_bn": "পারেরহাট",
    "slug": "parerhat",
    "postal_code": "8523",
    "lat": 22.5311,
    "lng": 90.1312,
    "timezone": "Asia/Dhaka",
    "geojson": "{}"
  },
  {
    "id": 50603,
    "upazila_id": 506,
    "name_en": "Patashi",
    "name_bn": "পাটাশী",
    "slug": "patashi",
    "postal_code": "8523",
    "lat": 22.5604,
    "lng": 90.1053,
    "timezone": "Asia/Dhaka",
    "geojson": "{}"
  },
  {
    "id": 50604,
    "upazila_id": 506,
    "name_en": "Pattashi",
    "name_bn": "পত্তাশী",
    "slug": "pattashi",
    "postal_code": "8523",
    "lat": 22.5891,
    "lng": 90.1502,
    "timezone": "Asia/Dhaka",
    "geojson": "{}"
  },
  {
    "id": 50605,
    "upazila_id": 506,
    "name_en": "Dewliana",
    "name_bn": "দেউলিয়ানা",
    "slug": "dewliana",
    "postal_code": "8523",
    "lat": 22.54,
    "lng": 90.0701,
    "timezone": "Asia/Dhaka",
    "geojson": "{}"
  },

  {
    "id": 50701,
    "upazila_id": 507,
    "name_en": "Mathbaria",
    "name_bn": "মঠবাড়িয়া",
    "slug": "mathbaria-up",
    "postal_code": "8560",
    "lat": 22.2801,
    "lng": 89.9001,
    "timezone": "Asia/Dhaka",
    "geojson": "{}"
  },
  {
    "id": 50702,
    "upazila_id": 507,
    "name_en": "Tushkhali",
    "name_bn": "তুষখালী",
    "slug": "tushkhali",
    "postal_code": "8560",
    "lat": 22.3111,
    "lng": 89.9312,
    "timezone": "Asia/Dhaka",
    "geojson": "{}"
  },
  {
    "id": 50703,
    "upazila_id": 507,
    "name_en": "Dhanisafa",
    "name_bn": "ধানীসাফা",
    "slug": "dhanisafa",
    "postal_code": "8560",
    "lat": 22.3404,
    "lng": 89.9053,
    "timezone": "Asia/Dhaka",
    "geojson": "{}"
  },
  {
    "id": 50704,
    "upazila_id": 507,
    "name_en": "Dawoodkhali",
    "name_bn": "দাউদখালী",
    "slug": "dawoodkhali",
    "postal_code": "8560",
    "lat": 22.3691,
    "lng": 89.9402,
    "timezone": "Asia/Dhaka",
    "geojson": "{}"
  },
  {
    "id": 50705,
    "upazila_id": 507,
    "name_en": "Sapleza",
    "name_bn": "সাপলেজা",
    "slug": "sapleza",
    "postal_code": "8560",
    "lat": 22.39,
    "lng": 89.9701,
    "timezone": "Asia/Dhaka",
    "geojson": "{}"
  },
  {
    "id": 50706,
    "upazila_id": 507,
    "name_en": "Aamragachhia",
    "name_bn": "আমড়াগাছিয়া",
    "slug": "aamragachhia",
    "postal_code": "8560",
    "lat": 22.4145,
    "lng": 89.9376,
    "timezone": "Asia/Dhaka",
    "geojson": "{}"
  },
  {
    "id": 50707,
    "upazila_id": 507,
    "name_en": "Bara Masua",
    "name_bn": "বড় মাছুয়া",
    "slug": "bara-masua",
    "postal_code": "8560",
    "lat": 22.4402,
    "lng": 89.9098,
    "timezone": "Asia/Dhaka",
    "geojson": "{}"
  },
  {
    "id": 50708,
    "upazila_id": 507,
    "name_en": "Tillkhali",
    "name_bn": "তিলিখালী",
    "slug": "tillkhali",
    "postal_code": "8560",
    "lat": 22.4602,
    "lng": 89.9402,
    "timezone": "Asia/Dhaka",
    "geojson": "{}"
  },
  {
    "id": 50709,
    "upazila_id": 507,
    "name_en": "Mirukhali",
    "name_bn": "মিরুখালী",
    "slug": "mirukhali",
    "postal_code": "8560",
    "lat": 22.4847,
    "lng": 89.9798,
    "timezone": "Asia/Dhaka",
    "geojson": "{}"
  },
  {
    "id": 50710,
    "upazila_id": 507,
    "name_en": "Betmor Raja",
    "name_bn": "বেতমোর রাজা",
    "slug": "betmor-raja",
    "postal_code": "8560",
    "lat": 22.5001,
    "lng": 90.0001,
    "timezone": "Asia/Dhaka",
    "geojson": "{}"
  },
  {
    "id": 50711,
    "upazila_id": 507,
    "name_en": "Dhubli",
    "name_bn": "ধুবলী",
    "slug": "dhubli",
    "postal_code": "8560",
    "lat": 22.5211,
    "lng": 90.0312,
    "timezone": "Asia/Dhaka",
    "geojson": "{}"
  },

  {
    "id": 60101,
    "upazila_id": 601,
    "name_en": "Barguna Sadar",
    "name_bn": "বরগুনা সদর",
    "slug": "barguna-sadar-up",
    "postal_code": "8700",
    "lat": 22.1401,
    "lng": 90.1101,
    "timezone": "Asia/Dhaka",
    "geojson": "{}"
  },
  {
    "id": 60102,
    "upazila_id": 601,
    "name_en": "Amojhalia",
    "name_bn": "আমঝলিয়া",
    "slug": "amojhalia",
    "postal_code": "8700",
    "lat": 22.1811,
    "lng": 90.0812,
    "timezone": "Asia/Dhaka",
    "geojson": "{}"
  },
  {
    "id": 60103,
    "upazila_id": 601,
    "name_en": "Dhalua",
    "name_bn": "ঢলুয়া",
    "slug": "dhalua",
    "postal_code": "8700",
    "lat": 22.2104,
    "lng": 90.1253,
    "timezone": "Asia/Dhaka",
    "geojson": "{}"
  },
  {
    "id": 60104,
    "upazila_id": 601,
    "name_en": "Kukua",
    "name_bn": "কুকয়া",
    "slug": "kukua-barguna",
    "postal_code": "8700",
    "lat": 22.2391,
    "lng": 90.1502,
    "timezone": "Asia/Dhaka",
    "geojson": "{}"
  },
  {
    "id": 60105,
    "upazila_id": 601,
    "name_en": "Barguna",
    "name_bn": "বরগুনা",
    "slug": "barguna-up",
    "postal_code": "8700",
    "lat": 22.16,
    "lng": 90.1701,
    "timezone": "Asia/Dhaka",
    "geojson": "{}"
  },
  {
    "id": 60106,
    "upazila_id": 601,
    "name_en": "Badarkhali",
    "name_bn": "বদরখালী",
    "slug": "badarkhali",
    "postal_code": "8700",
    "lat": 22.1245,
    "lng": 90.1976,
    "timezone": "Asia/Dhaka",
    "geojson": "{}"
  },
  {
    "id": 60107,
    "upazila_id": 601,
    "name_en": "Kaderabad",
    "name_bn": "কাদীরাবাদ",
    "slug": "kaderabad",
    "postal_code": "8700",
    "lat": 22.1002,
    "lng": 90.1498,
    "timezone": "Asia/Dhaka",
    "geojson": "{}"
  },
  {
    "id": 60108,
    "upazila_id": 601,
    "name_en": "Nali",
    "name_bn": "নলী",
    "slug": "nali",
    "postal_code": "8700",
    "lat": 22.0802,
    "lng": 90.1802,
    "timezone": "Asia/Dhaka",
    "geojson": "{}"
  },
  {
    "id": 60109,
    "upazila_id": 601,
    "name_en": "Patarhata",
    "name_bn": "পতারহাটা",
    "slug": "patarhata",
    "postal_code": "8700",
    "lat": 22.0547,
    "lng": 90.2098,
    "timezone": "Asia/Dhaka",
    "geojson": "{}"
  },
  {
    "id": 60110,
    "upazila_id": 601,
    "name_en": "Ayela Patakata",
    "name_bn": "আয়লা পাতাকাটা",
    "slug": "ayela-patakata",
    "postal_code": "8700",
    "lat": 22.2501,
    "lng": 90.1501,
    "timezone": "Asia/Dhaka",
    "geojson": "{}"
  },

  {
    "id": 60201,
    "upazila_id": 602,
    "name_en": "Amtali",
    "name_bn": "আমতলী",
    "slug": "amtali-up",
    "postal_code": "8710",
    "lat": 22.1401,
    "lng": 90.3501,
    "timezone": "Asia/Dhaka",
    "geojson": "{}"
  },
  {
    "id": 60202,
    "upazila_id": 602,
    "name_en": "Atharogachhia",
    "name_bn": "আঠারোগাছিয়া",
    "slug": "atharogachhia",
    "postal_code": "8710",
    "lat": 22.1811,
    "lng": 90.3212,
    "timezone": "Asia/Dhaka",
    "geojson": "{}"
  },
  {
    "id": 60203,
    "upazila_id": 602,
    "name_en": "Barghuna",
    "name_bn": "বড়গুনা",
    "slug": "barghuna",
    "postal_code": "8710",
    "lat": 22.2104,
    "lng": 90.3653,
    "timezone": "Asia/Dhaka",
    "geojson": "{}"
  },
  {
    "id": 60204,
    "upazila_id": 602,
    "name_en": "Chawra",
    "name_bn": "চাওড়া",
    "slug": "chawra",
    "postal_code": "8710",
    "lat": 22.2391,
    "lng": 90.3902,
    "timezone": "Asia/Dhaka",
    "geojson": "{}"
  },
  {
    "id": 60205,
    "upazila_id": 602,
    "name_en": "Gulisakhali",
    "name_bn": "গুলিশাখালী",
    "slug": "gulisakhali",
    "postal_code": "8710",
    "lat": 22.16,
    "lng": 90.4101,
    "timezone": "Asia/Dhaka",
    "geojson": "{}"
  },
  {
    "id": 60206,
    "upazila_id": 602,
    "name_en": "Haldia",
    "name_bn": "হলদিয়া",
    "slug": "haldia",
    "postal_code": "8710",
    "lat": 22.1245,
    "lng": 90.4376,
    "timezone": "Asia/Dhaka",
    "geojson": "{}"
  },
  {
    "id": 60207,
    "upazila_id": 602,
    "name_en": "Kukua",
    "name_bn": "কুকয়া",
    "slug": "kukua-amtali",
    "postal_code": "8710",
    "lat": 22.1002,
    "lng": 90.3998,
    "timezone": "Asia/Dhaka",
    "geojson": "{}"
  },
  {
    "id": 60208,
    "upazila_id": 602,
    "name_en": "Patuakhali",
    "name_bn": "পটুয়াখালী",
    "slug": "patuakhali-amtali",
    "postal_code": "8710",
    "lat": 22.0802,
    "lng": 90.4302,
    "timezone": "Asia/Dhaka",
    "geojson": "{}"
  },
  {
    "id": 60209,
    "upazila_id": 602,
    "name_en": "Panchkoralia",
    "name_bn": "পাঁচকরালিয়া",
    "slug": "panchkoralia",
    "postal_code": "8710",
    "lat": 22.0547,
    "lng": 90.4598,
    "timezone": "Asia/Dhaka",
    "geojson": "{}"
  },

  {
    "id": 60301,
    "upazila_id": 603,
    "name_en": "Bamna",
    "name_bn": "বামনা",
    "slug": "bamna-up",
    "postal_code": "8740",
    "lat": 22.3001,
    "lng": 90.0001,
    "timezone": "Asia/Dhaka",
    "geojson": "{}"
  },
  {
    "id": 60302,
    "upazila_id": 603,
    "name_en": "Bukabunia",
    "name_bn": "বুকাবুনিয়া",
    "slug": "bukabunia",
    "postal_code": "8740",
    "lat": 22.3211,
    "lng": 90.0312,
    "timezone": "Asia/Dhaka",
    "geojson": "{}"
  },
  {
    "id": 60303,
    "upazila_id": 603,
    "name_en": "Ramna",
    "name_bn": "রামনা",
    "slug": "ramna",
    "postal_code": "8740",
    "lat": 22.3404,
    "lng": 90.0153,
    "timezone": "Asia/Dhaka",
    "geojson": "{}"
  },
  {
    "id": 60304,
    "upazila_id": 603,
    "name_en": "Barguna",
    "name_bn": "বরগুনা",
    "slug": "barguna-bamna",
    "postal_code": "8740",
    "lat": 22.3691,
    "lng": 90.0502,
    "timezone": "Asia/Dhaka",
    "geojson": "{}"
  },

  {
    "id": 60401,
    "upazila_id": 604,
    "name_en": "Betagi",
    "name_bn": "বেতাগী",
    "slug": "betagi-up",
    "postal_code": "8730",
    "lat": 22.3501,
    "lng": 90.1301,
    "timezone": "Asia/Dhaka",
    "geojson": "{}"
  },
  {
    "id": 60402,
    "upazila_id": 604,
    "name_en": "Hosnabad",
    "name_bn": "হুসনেবাদ",
    "slug": "hosnabad",
    "postal_code": "8730",
    "lat": 22.3811,
    "lng": 90.1012,
    "timezone": "Asia/Dhaka",
    "geojson": "{}"
  },
  {
    "id": 60403,
    "upazila_id": 604,
    "name_en": "Kalia",
    "name_bn": "কালিয়া",
    "slug": "kalia-betagi",
    "postal_code": "8730",
    "lat": 22.4004,
    "lng": 90.1453,
    "timezone": "Asia/Dhaka",
    "geojson": "{}"
  },
  {
    "id": 60404,
    "upazila_id": 604,
    "name_en": "Bhubon",
    "name_bn": "ভূবন",
    "slug": "bhubon",
    "postal_code": "8730",
    "lat": 22.4291,
    "lng": 90.1702,
    "timezone": "Asia/Dhaka",
    "geojson": "{}"
  },
  {
    "id": 60405,
    "upazila_id": 604,
    "name_en": "Buramajumdar",
    "name_bn": "বুড়ামজুমদার",
    "slug": "buramajumdar",
    "postal_code": "8730",
    "lat": 22.44,
    "lng": 90.1901,
    "timezone": "Asia/Dhaka",
    "geojson": "{}"
  },
  {
    "id": 60406,
    "upazila_id": 604,
    "name_en": "Mokamia",
    "name_bn": "মোকামিয়া",
    "slug": "mokamia",
    "postal_code": "8730",
    "lat": 22.4645,
    "lng": 90.1576,
    "timezone": "Asia/Dhaka",
    "geojson": "{}"
  },
  {
    "id": 60407,
    "upazila_id": 604,
    "name_en": "Kazirabad",
    "name_bn": "কাজীরাবাদ",
    "slug": "kazirabad",
    "postal_code": "8730",
    "lat": 22.4802,
    "lng": 90.1298,
    "timezone": "Asia/Dhaka",
    "geojson": "{}"
  },

  {
    "id": 60501,
    "upazila_id": 605,
    "name_en": "Patharghata",
    "name_bn": "পাথরঘাটা",
    "slug": "patharghata-up",
    "postal_code": "8760",
    "lat": 22.0301,
    "lng": 89.9801,
    "timezone": "Asia/Dhaka",
    "geojson": "{}"
  },
  {
    "id": 60502,
    "upazila_id": 605,
    "name_en": "Nachnapara",
    "name_bn": "নাচনাপাড়া",
    "slug": "nachnapara",
    "postal_code": "8760",
    "lat": 22.0611,
    "lng": 90.0112,
    "timezone": "Asia/Dhaka",
    "geojson": "{}"
  },
  {
    "id": 60503,
    "upazila_id": 605,
    "name_en": "Kakchira",
    "name_bn": "কাঁকচিড়া",
    "slug": "kakchira",
    "postal_code": "8760",
    "lat": 22.0904,
    "lng": 89.9853,
    "timezone": "Asia/Dhaka",
    "geojson": "{}"
  },
  {
    "id": 60504,
    "upazila_id": 605,
    "name_en": "Kharirgofa",
    "name_bn": "খাড়িরগোফা",
    "slug": "kharirgofa",
    "postal_code": "8760",
    "lat": 22.1191,
    "lng": 90.0202,
    "timezone": "Asia/Dhaka",
    "geojson": "{}"
  },
  {
    "id": 60505,
    "upazila_id": 605,
    "name_en": "Raihanpur",
    "name_bn": "রায়হানপুর",
    "slug": "raihanpur",
    "postal_code": "8760",
    "lat": 22.14,
    "lng": 90.0501,
    "timezone": "Asia/Dhaka",
    "geojson": "{}"
  },
  {
    "id": 60506,
    "upazila_id": 605,
    "name_en": "Charduani",
    "name_bn": "চরদুয়ানী",
    "slug": "charduani",
    "postal_code": "8760",
    "lat": 22.1645,
    "lng": 90.0176,
    "timezone": "Asia/Dhaka",
    "geojson": "{}"
  },
  {
    "id": 60507,
    "upazila_id": 605,
    "name_en": "Kolkata",
    "name_bn": "কলকতা",
    "slug": "kolkata",
    "postal_code": "8760",
    "lat": 22.1802,
    "lng": 89.9898,
    "timezone": "Asia/Dhaka",
    "geojson": "{}"
  },

  {
    "id": 60601,
    "upazila_id": 606,
    "name_en": "Taltali",
    "name_bn": "তালতলী",
    "slug": "taltali-up",
    "postal_code": "8713",
    "lat": 22.0901,
    "lng": 90.1501,
    "timezone": "Asia/Dhaka",
    "geojson": "{}"
  },
  {
    "id": 60602,
    "upazila_id": 606,
    "name_en": "Nishanbaria",
    "name_bn": "নিশানবাড়ীয়া",
    "slug": "nishanbaria",
    "postal_code": "8713",
    "lat": 22.0611,
    "lng": 90.1812,
    "timezone": "Asia/Dhaka",
    "geojson": "{}"
  },
  {
    "id": 60603,
    "upazila_id": 606,
    "name_en": "Boro Boli",
    "name_bn": "বড় বালী",
    "slug": "boro-boli",
    "postal_code": "8713",
    "lat": 22.0404,
    "lng": 90.1653,
    "timezone": "Asia/Dhaka",
    "geojson": "{}"
  },
  {
    "id": 60604,
    "upazila_id": 606,
    "name_en": "Choto Boli",
    "name_bn": "ছোট বালী",
    "slug": "choto-boli",
    "postal_code": "8713",
    "lat": 22.0291,
    "lng": 90.1902,
    "timezone": "Asia/Dhaka",
    "geojson": "{}"
  },
  {
    "id": 60605,
    "upazila_id": 606,
    "name_en": "Char Pota",
    "name_bn": "চর পোতা",
    "slug": "char-pota",
    "postal_code": "8713",
    "lat": 22.0,
    "lng": 90.2201,
    "timezone": "Asia/Dhaka",
    "geojson": "{}"
  },
  {
    "id": 60606,
    "upazila_id": 606,
    "name_en": "Sowadpur",
    "name_bn": "সাওয়াদপুর",
    "slug": "sowadpur",
    "postal_code": "8713",
    "lat": 21.9845,
    "lng": 90.2476,
    "timezone": "Asia/Dhaka",
    "geojson": "{}"
  },

  {
    "id": 70101,
    "upazila_id": 701,
    "name_en": "Anwara",
    "name_bn": "আনোয়ারা",
    "slug": "anwara-up",
    "postal_code": "4361",
    "lat": 22.1311,
    "lng": 91.8901,
    "timezone": "Asia/Dhaka",
    "geojson": "{}"
  },
  {
    "id": 70102,
    "upazila_id": 701,
    "name_en": "Bairag",
    "name_bn": "বৈরাগ",
    "slug": "bairag",
    "postal_code": "4361",
    "lat": 22.1485,
    "lng": 91.9212,
    "timezone": "Asia/Dhaka",
    "geojson": "{}"
  },
  {
    "id": 70103,
    "upazila_id": 701,
    "name_en": "Barakhain",
    "name_bn": "বারখাইন",
    "slug": "barakhain",
    "postal_code": "4361",
    "lat": 22.1642,
    "lng": 91.9053,
    "timezone": "Asia/Dhaka",
    "geojson": "{}"
  },
  {
    "id": 70104,
    "upazila_id": 701,
    "name_en": "Barasat",
    "name_bn": "বারাসত",
    "slug": "barasat",
    "postal_code": "4361",
    "lat": 22.1809,
    "lng": 91.8802,
    "timezone": "Asia/Dhaka",
    "geojson": "{}"
  },
  {
    "id": 70105,
    "upazila_id": 701,
    "name_en": "Burumchhara",
    "name_bn": "বুরুমছড়া",
    "slug": "burumchhara",
    "postal_code": "4361",
    "lat": 22.201,
    "lng": 91.8601,
    "timezone": "Asia/Dhaka",
    "geojson": "{}"
  },
  {
    "id": 70106,
    "upazila_id": 701,
    "name_en": "Battali",
    "name_bn": "বাটালী",
    "slug": "battali",
    "postal_code": "4361",
    "lat": 22.2195,
    "lng": 91.8476,
    "timezone": "Asia/Dhaka",
    "geojson": "{}"
  },
  {
    "id": 70107,
    "upazila_id": 701,
    "name_en": "Chatari",
    "name_bn": "চাতরী",
    "slug": "chatari",
    "postal_code": "4361",
    "lat": 22.2302,
    "lng": 91.8198,
    "timezone": "Asia/Dhaka",
    "geojson": "{}"
  },
  {
    "id": 70108,
    "upazila_id": 701,
    "name_en": "Haildhar",
    "name_bn": "হাইলধর",
    "slug": "haildhar",
    "postal_code": "4361",
    "lat": 22.2502,
    "lng": 91.7902,
    "timezone": "Asia/Dhaka",
    "geojson": "{}"
  },
  {
    "id": 70109,
    "upazila_id": 701,
    "name_en": "Juidandi",
    "name_bn": "জুয়াইনডী",
    "slug": "juidandi",
    "postal_code": "4361",
    "lat": 22.2747,
    "lng": 91.7798,
    "timezone": "Asia/Dhaka",
    "geojson": "{}"
  },
  {
    "id": 70110,
    "upazila_id": 701,
    "name_en": "Paraikora",
    "name_bn": "পারিইকোরা",
    "slug": "paraikora",
    "postal_code": "4361",
    "lat": 22.2901,
    "lng": 91.7501,
    "timezone": "Asia/Dhaka",
    "geojson": "{}"
  },
  {
    "id": 70111,
    "upazila_id": 701,
    "name_en": "Roypur",
    "name_bn": "রায়পুর",
    "slug": "roypur-anowara",
    "postal_code": "4361",
    "lat": 22.3111,
    "lng": 91.7212,
    "timezone": "Asia/Dhaka",
    "geojson": "{}"
  },

  {
    "id": 70201,
    "upazila_id": 702,
    "name_en": "Pukuria",
    "name_bn": "পুকুরিয়া",
    "slug": "pukuria",
    "postal_code": "4390",
    "lat": 22.0101,
    "lng": 92.0101,
    "timezone": "Asia/Dhaka",
    "geojson": "{}"
  },
  {
    "id": 70202,
    "upazila_id": 702,
    "name_en": "Sadhanpur",
    "name_bn": "সাধনপুর",
    "slug": "sadhanpur",
    "postal_code": "4390",
    "lat": 22.0411,
    "lng": 92.0412,
    "timezone": "Asia/Dhaka",
    "geojson": "{}"
  },
  {
    "id": 70203,
    "upazila_id": 702,
    "name_en": "Khankhanabad",
    "name_bn": "খানখানাবাদ",
    "slug": "khankhanabad",
    "postal_code": "4390",
    "lat": 22.0604,
    "lng": 92.0653,
    "timezone": "Asia/Dhaka",
    "geojson": "{}"
  },
  {
    "id": 70204,
    "upazila_id": 702,
    "name_en": "Baharchhara",
    "name_bn": "বাহারছড়া",
    "slug": "baharchhara-banshkhali",
    "postal_code": "4390",
    "lat": 22.0891,
    "lng": 92.0902,
    "timezone": "Asia/Dhaka",
    "geojson": "{}"
  },
  {
    "id": 70205,
    "upazila_id": 702,
    "name_en": "Kalipur",
    "name_bn": "কালীপুর",
    "slug": "kalipur",
    "postal_code": "4390",
    "lat": 22.11,
    "lng": 92.1201,
    "timezone": "Asia/Dhaka",
    "geojson": "{}"
  },
  {
    "id": 70206,
    "upazila_id": 702,
    "name_en": "Bailchhari",
    "name_bn": "বৈলছড়ি",
    "slug": "bailchhari",
    "postal_code": "4391",
    "lat": 22.1345,
    "lng": 92.1076,
    "timezone": "Asia/Dhaka",
    "geojson": "{}"
  },
  {
    "id": 70207,
    "upazila_id": 702,
    "name_en": "Katharia",
    "name_bn": "কাথারিয়া",
    "slug": "katharia",
    "postal_code": "4393",
    "lat": 22.1502,
    "lng": 92.0798,
    "timezone": "Asia/Dhaka",
    "geojson": "{}"
  },
  {
    "id": 70208,
    "upazila_id": 702,
    "name_en": "Saral",
    "name_bn": "সরল",
    "slug": "saral",
    "postal_code": "4390",
    "lat": 22.1702,
    "lng": 92.0502,
    "timezone": "Asia/Dhaka",
    "geojson": "{}"
  },
  {
    "id": 70209,
    "upazila_id": 702,
    "name_en": "Gandamara",
    "name_bn": "গন্ডামারা",
    "slug": "gandamara",
    "postal_code": "4394",
    "lat": 22.1947,
    "lng": 92.0298,
    "timezone": "Asia/Dhaka",
    "geojson": "{}"
  },
  {
    "id": 70210,
    "upazila_id": 702,
    "name_en": "Shilkup",
    "name_bn": "শীলকুপ",
    "slug": "shilkup",
    "postal_code": "4390",
    "lat": 22.2101,
    "lng": 92.0001,
    "timezone": "Asia/Dhaka",
    "geojson": "{}"
  },
  {
    "id": 70211,
    "upazila_id": 702,
    "name_en": "Chambal",
    "name_bn": "চাম্বল",
    "slug": "chambal",
    "postal_code": "4390",
    "lat": 22.2311,
    "lng": 91.9712,
    "timezone": "Asia/Dhaka",
    "geojson": "{}"
  },
  {
    "id": 70212,
    "upazila_id": 702,
    "name_en": "Puichhari",
    "name_bn": "পুঁইছড়ি",
    "slug": "puichhari",
    "postal_code": "4390",
    "lat": 22.2504,
    "lng": 91.9953,
    "timezone": "Asia/Dhaka",
    "geojson": "{}"
  },
  {
    "id": 70213,
    "upazila_id": 702,
    "name_en": "Chhanua",
    "name_bn": "ছনুয়া",
    "slug": "chhanua",
    "postal_code": "4396",
    "lat": 22.2791,
    "lng": 92.0202,
    "timezone": "Asia/Dhaka",
    "geojson": "{}"
  },
  {
    "id": 70214,
    "upazila_id": 702,
    "name_en": "Sekherkhil",
    "name_bn": "শেখেরখীল",
    "slug": "sekherkhil",
    "postal_code": "4395",
    "lat": 22.29,
    "lng": 92.0501,
    "timezone": "Asia/Dhaka",
    "geojson": "{}"
  },

  {
    "id": 70301,
    "upazila_id": 703,
    "name_en": "Kadurkhil",
    "name_bn": "কদুরখীল",
    "slug": "kadurkhil",
    "postal_code": "4370",
    "lat": 22.3801,
    "lng": 91.9201,
    "timezone": "Asia/Dhaka",
    "geojson": "{}"
  },
  {
    "id": 70302,
    "upazila_id": 703,
    "name_en": "East Gomdandi",
    "name_bn": "পূর্ব গোমদণ্ডী",
    "slug": "east-gomdandi",
    "postal_code": "4370",
    "lat": 22.4011,
    "lng": 91.9412,
    "timezone": "Asia/Dhaka",
    "geojson": "{}"
  },
  {
    "id": 70303,
    "upazila_id": 703,
    "name_en": "West Gomdandi",
    "name_bn": "পশ্চিম গোমদণ্ডী",
    "slug": "west-gomdandi",
    "postal_code": "4370",
    "lat": 22.4204,
    "lng": 91.9653,
    "timezone": "Asia/Dhaka",
    "geojson": "{}"
  },
  {
    "id": 70304,
    "upazila_id": 703,
    "name_en": "Popadia",
    "name_bn": "পোপাদিয়া",
    "slug": "popadia",
    "postal_code": "4370",
    "lat": 22.4491,
    "lng": 91.9902,
    "timezone": "Asia/Dhaka",
    "geojson": "{}"
  },
  {
    "id": 70305,
    "upazila_id": 703,
    "name_en": "Sakpura",
    "name_bn": "শাকপুরা",
    "slug": "sakpura",
    "postal_code": "4370",
    "lat": 22.47,
    "lng": 92.0101,
    "timezone": "Asia/Dhaka",
    "geojson": "{}"
  },
  {
    "id": 70306,
    "upazila_id": 703,
    "name_en": "Sarowatali",
    "name_bn": "সরোয়াতলী",
    "slug": "sarowatali",
    "postal_code": "4370",
    "lat": 22.4945,
    "lng": 91.9876,
    "timezone": "Asia/Dhaka",
    "geojson": "{}"
  },
  {
    "id": 70307,
    "upazila_id": 703,
    "name_en": "Sreepur-Kharandwip",
    "name_bn": "শ্রীপুর-খরন্দীপ",
    "slug": "sreepur-kharandwip",
    "postal_code": "4370",
    "lat": 22.5102,
    "lng": 91.9598,
    "timezone": "Asia/Dhaka",
    "geojson": "{}"
  },
  {
    "id": 70308,
    "upazila_id": 703,
    "name_en": "Amuchia",
    "name_bn": "আমোচিয়া",
    "slug": "amuchia",
    "postal_code": "4370",
    "lat": 22.5302,
    "lng": 91.9302,
    "timezone": "Asia/Dhaka",
    "geojson": "{}"
  },
  {
    "id": 70309,
    "upazila_id": 703,
    "name_en": "Ahla Karoldenga",
    "name_bn": "আহলা করলডেঙ্গা",
    "slug": "ahla-karoldenga",
    "postal_code": "4370",
    "lat": 22.5547,
    "lng": 91.9098,
    "timezone": "Asia/Dhaka",
    "geojson": "{}"
  },

  {
    "id": 70401,
    "upazila_id": 704,
    "name_en": "Boitola (Bhailtali)",
    "name_bn": "বৈঠখোলা (ভাইলতলী)",
    "slug": "boitola",
    "postal_code": "4399",
    "lat": 22.1801,
    "lng": 92.0501,
    "timezone": "Asia/Dhaka",
    "geojson": "{}"
  },
  {
    "id": 70402,
    "upazila_id": 704,
    "name_en": "Dohazari",
    "name_bn": "দোহাজারী",
    "slug": "dohazari",
    "postal_code": "4399",
    "lat": 22.1911,
    "lng": 92.0812,
    "timezone": "Asia/Dhaka",
    "geojson": "{}"
  },
  {
    "id": 70403,
    "upazila_id": 704,
    "name_en": "Hashimpur",
    "name_bn": "হাসিমপুর",
    "slug": "hashimpur",
    "postal_code": "4399",
    "lat": 22.2104,
    "lng": 92.1053,
    "timezone": "Asia/Dhaka",
    "geojson": "{}"
  },
  {
    "id": 70404,
    "upazila_id": 704,
    "name_en": "Joara",
    "name_bn": "জোয়ারা",
    "slug": "joara",
    "postal_code": "4399",
    "lat": 22.2391,
    "lng": 92.1302,
    "timezone": "Asia/Dhaka",
    "geojson": "{}"
  },
  {
    "id": 70405,
    "upazila_id": 704,
    "name_en": "Kanchannagar",
    "name_bn": "কাঞ্চননগর",
    "slug": "kanchannagar-chandanaish",
    "postal_code": "4399",
    "lat": 22.26,
    "lng": 92.1601,
    "timezone": "Asia/Dhaka",
    "geojson": "{}"
  },
  {
    "id": 70406,
    "upazila_id": 704,
    "name_en": "Barama",
    "name_bn": "বারমা",
    "slug": "barama",
    "postal_code": "4399",
    "lat": 22.2845,
    "lng": 92.1476,
    "timezone": "Asia/Dhaka",
    "geojson": "{}"
  },
  {
    "id": 70407,
    "upazila_id": 704,
    "name_en": "Satbaria",
    "name_bn": "সাতবাড়িয়া",
    "slug": "satbaria-chandanaish",
    "postal_code": "4399",
    "lat": 22.3002,
    "lng": 92.1198,
    "timezone": "Asia/Dhaka",
    "geojson": "{}"
  },
  {
    "id": 70408,
    "upazila_id": 704,
    "name_en": "Shuchia",
    "name_bn": "শুচিয়া",
    "slug": "shuchia",
    "postal_code": "4399",
    "lat": 22.3102,
    "lng": 92.0902,
    "timezone": "Asia/Dhaka",
    "geojson": "{}"
  },
  {
    "id": 70409,
    "upazila_id": 704,
    "name_en": "Khadarpara (Dhopachari)",
    "name_bn": "খাদারপাড়া (ধোপাচরী)",
    "slug": "khadarpara-dhopachari",
    "postal_code": "4399",
    "lat": 22.3347,
    "lng": 92.0798,
    "timezone": "Asia/Dhaka",
    "geojson": "{}"
  },

  {
    "id": 70501,
    "upazila_id": 705,
    "name_en": "Lelang",
    "name_bn": "লেলাং",
    "slug": "lelang",
    "postal_code": "4350",
    "lat": 22.6901,
    "lng": 91.8001,
    "timezone": "Asia/Dhaka",
    "geojson": "{}"
  },
  {
    "id": 70502,
    "upazila_id": 705,
    "name_en": "Samitbari",
    "name_bn": "শমিতবাড়ী",
    "slug": "samitbari",
    "postal_code": "4350",
    "lat": 22.7111,
    "lng": 91.7712,
    "timezone": "Asia/Dhaka",
    "geojson": "{}"
  },
  {
    "id": 70503,
    "upazila_id": 705,
    "name_en": "Dantmara",
    "name_bn": "দাঁতমারা",
    "slug": "dantmara",
    "postal_code": "4350",
    "lat": 22.7304,
    "lng": 91.8153,
    "timezone": "Asia/Dhaka",
    "geojson": "{}"
  },
  {
    "id": 70504,
    "upazila_id": 705,
    "name_en": "Harualchhari",
    "name_bn": "হারুয়ালছড়ি",
    "slug": "harualchhari-f",
    "postal_code": "4350",
    "lat": 22.7591,
    "lng": 91.8402,
    "timezone": "Asia/Dhaka",
    "geojson": "{}"
  },
  {
    "id": 70505,
    "upazila_id": 705,
    "name_en": "Phatikchhari",
    "name_bn": "ফটিকছড়ি",
    "slug": "phatikchhari",
    "postal_code": "4350",
    "lat": 22.78,
    "lng": 91.8701,
    "timezone": "Asia/Dhaka",
    "geojson": "{}"
  },
  {
    "id": 70506,
    "upazila_id": 705,
    "name_en": "Suabil",
    "name_bn": "সুয়াবিল",
    "slug": "suabil",
    "postal_code": "4350",
    "lat": 22.8045,
    "lng": 91.8576,
    "timezone": "Asia/Dhaka",
    "geojson": "{}"
  },
  {
    "id": 70507,
    "upazila_id": 705,
    "name_en": "Bukhnagar",
    "name_bn": "বক্তনগর",
    "slug": "bukhnagar",
    "postal_code": "4350",
    "lat": 22.8202,
    "lng": 91.8298,
    "timezone": "Asia/Dhaka",
    "geojson": "{}"
  },
  {
    "id": 70508,
    "upazila_id": 705,
    "name_en": "Dhurung",
    "name_bn": "ধুরুং",
    "slug": "dhurung",
    "postal_code": "4350",
    "lat": 22.8402,
    "lng": 91.8002,
    "timezone": "Asia/Dhaka",
    "geojson": "{}"
  },
  {
    "id": 70509,
    "upazila_id": 705,
    "name_en": "Kanchannagar",
    "name_bn": "কাঞ্চননগর",
    "slug": "kanchannagar-f",
    "postal_code": "4350",
    "lat": 22.8647,
    "lng": 91.7798,
    "timezone": "Asia/Dhaka",
    "geojson": "{}"
  },
  {
    "id": 70510,
    "upazila_id": 705,
    "name_en": "Dharmapur",
    "name_bn": "ধর্মপুর",
    "slug": "dharmapur-f",
    "postal_code": "4350",
    "lat": 22.8801,
    "lng": 91.7501,
    "timezone": "Asia/Dhaka",
    "geojson": "{}"
  },
  {
    "id": 70511,
    "upazila_id": 705,
    "name_en": "Azimpur",
    "name_bn": "আজিমপুর",
    "slug": "azimpur-f",
    "postal_code": "4350",
    "lat": 22.9011,
    "lng": 91.7212,
    "timezone": "Asia/Dhaka",
    "geojson": "{}"
  },
  {
    "id": 70512,
    "upazila_id": 705,
    "name_en": "Jafarnagar",
    "name_bn": "জাফরনগর",
    "slug": "jafarnagar-f",
    "postal_code": "4350",
    "lat": 22.9204,
    "lng": 91.7453,
    "timezone": "Asia/Dhaka",
    "geojson": "{}"
  },
  {
    "id": 70513,
    "upazila_id": 705,
    "name_en": "Narayanhat",
    "name_bn": "নারায়ণহাট",
    "slug": "narayanhat",
    "postal_code": "4350",
    "lat": 22.9491,
    "lng": 91.7702,
    "timezone": "Asia/Dhaka",
    "geojson": "{}"
  },
  {
    "id": 70514,
    "upazila_id": 705,
    "name_en": "Hinguli",
    "name_bn": "হিঙ্গুলী",
    "slug": "hinguli",
    "postal_code": "4350",
    "lat": 22.97,
    "lng": 91.8001,
    "timezone": "Asia/Dhaka",
    "geojson": "{}"
  },
  {
    "id": 70515,
    "upazila_id": 705,
    "name_en": "Paindong",
    "name_bn": "পাইনডং",
    "slug": "paindong",
    "postal_code": "4350",
    "lat": 22.9945,
    "lng": 91.7876,
    "timezone": "Asia/Dhaka",
    "geojson": "{}"
  },
  {
    "id": 70516,
    "upazila_id": 705,
    "name_en": "Lankham",
    "name_bn": "ল্যাংখাম",
    "slug": "lankham",
    "postal_code": "4350",
    "lat": 23.0102,
    "lng": 91.7598,
    "timezone": "Asia/Dhaka",
    "geojson": "{}"
  },
  {
    "id": 70517,
    "upazila_id": 705,
    "name_en": "Samanter Khil",
    "name_bn": "সামন্তের খিল",
    "slug": "samanter-khil",
    "postal_code": "4350",
    "lat": 23.0302,
    "lng": 91.7302,
    "timezone": "Asia/Dhaka",
    "geojson": "{}"
  },
  {
    "id": 70518,
    "upazila_id": 705,
    "name_en": "Daulatpur",
    "name_bn": "দৌলতপুর",
    "slug": "daulatpur-f",
    "postal_code": "4350",
    "lat": 23.0547,
    "lng": 91.7098,
    "timezone": "Asia/Dhaka",
    "geojson": "{}"
  },
  {
    "id": 70519,
    "upazila_id": 705,
    "name_en": "Bagan Bazar",
    "name_bn": "বাগান বাজার",
    "slug": "bagan-bazar",
    "postal_code": "4350",
    "lat": 23.0801,
    "lng": 91.6801,
    "timezone": "Asia/Dhaka",
    "geojson": "{}"
  },
  {
    "id": 70520,
    "upazila_id": 705,
    "name_en": "Maroachhari",
    "name_bn": "মড়োয়াছড়ি",
    "slug": "maroachhari",
    "postal_code": "4350",
    "lat": 23.1011,
    "lng": 91.7112,
    "timezone": "Asia/Dhaka",
    "geojson": "{}"
  },

  {
    "id": 70601,
    "upazila_id": 706,
    "name_en": "Hathazari Sadar",
    "name_bn": "হাটহাজারী সদর",
    "slug": "hathazari-sadar",
    "postal_code": "4330",
    "lat": 22.4801,
    "lng": 91.8001,
    "timezone": "Asia/Dhaka",
    "geojson": "{}"
  },
  {
    "id": 70602,
    "upazila_id": 706,
    "name_en": "Burischar",
    "name_bn": "বুড়িশ্চর",
    "slug": "burischar",
    "postal_code": "4330",
    "lat": 22.5011,
    "lng": 91.8312,
    "timezone": "Asia/Dhaka",
    "geojson": "{}"
  },
  {
    "id": 70603,
    "upazila_id": 706,
    "name_en": "Chikandandi",
    "name_bn": "চিকনদন্ডি",
    "slug": "chikandandi",
    "postal_code": "4330",
    "lat": 22.5204,
    "lng": 91.8553,
    "timezone": "Asia/Dhaka",
    "geojson": "{}"
  },
  {
    "id": 70604,
    "upazila_id": 706,
    "name_en": "Dakshin Madarsha",
    "name_bn": "দক্ষিণ মাদার্শা",
    "slug": "dakshin-madarsha",
    "postal_code": "4330",
    "lat": 22.5491,
    "lng": 91.8802,
    "timezone": "Asia/Dhaka",
    "geojson": "{}"
  },
  {
    "id": 70605,
    "upazila_id": 706,
    "name_en": "Fathepur",
    "name_bn": "ফতেপুর",
    "slug": "fathepur-h",
    "postal_code": "4330",
    "lat": 22.57,
    "lng": 91.9101,
    "timezone": "Asia/Dhaka",
    "geojson": "{}"
  },
  {
    "id": 70606,
    "upazila_id": 706,
    "name_en": "Forhadabad",
    "name_bn": "ফরহাদাবাদ",
    "slug": "forhadabad",
    "postal_code": "4330",
    "lat": 22.5945,
    "lng": 91.8976,
    "timezone": "Asia/Dhaka",
    "geojson": "{}"
  },
  {
    "id": 70607,
    "upazila_id": 706,
    "name_en": "Gahira",
    "name_bn": "গহিরা",
    "slug": "gahira",
    "postal_code": "4330",
    "lat": 22.6102,
    "lng": 91.8698,
    "timezone": "Asia/Dhaka",
    "geojson": "{}"
  },
  {
    "id": 70608,
    "upazila_id": 706,
    "name_en": "Gumanmardan",
    "name_bn": "গুমানমর্দন",
    "slug": "gumanmardan",
    "postal_code": "4330",
    "lat": 22.6302,
    "lng": 91.8402,
    "timezone": "Asia/Dhaka",
    "geojson": "{}"
  },
  {
    "id": 70609,
    "upazila_id": 706,
    "name_en": "Mekhal",
    "name_bn": "মেখল",
    "slug": "mekhal",
    "postal_code": "4330",
    "lat": 22.6547,
    "lng": 91.8298,
    "timezone": "Asia/Dhaka",
    "geojson": "{}"
  },
  {
    "id": 70610,
    "upazila_id": 706,
    "name_en": "Mirzapur",
    "name_bn": "মির্জাপুর",
    "slug": "mirzapur-h",
    "postal_code": "4330",
    "lat": 22.6701,
    "lng": 91.8001,
    "timezone": "Asia/Dhaka",
    "geojson": "{}"
  },
  {
    "id": 70611,
    "upazila_id": 706,
    "name_en": "Nangalmora",
    "name_bn": "নাংগলমোরা",
    "slug": "nangalmora",
    "postal_code": "4330",
    "lat": 22.6911,
    "lng": 91.7712,
    "timezone": "Asia/Dhaka",
    "geojson": "{}"
  },
  {
    "id": 70612,
    "upazila_id": 706,
    "name_en": "North Madarsha",
    "name_bn": "উত্তর মাদার্শা",
    "slug": "north-madarsha",
    "postal_code": "4330",
    "lat": 22.7104,
    "lng": 91.7953,
    "timezone": "Asia/Dhaka",
    "geojson": "{}"
  },
  {
    "id": 70613,
    "upazila_id": 706,
    "name_en": "Parbatipur",
    "name_bn": "পার্বতীপুর",
    "slug": "parbatipur-h",
    "postal_code": "4330",
    "lat": 22.7391,
    "lng": 91.8202,
    "timezone": "Asia/Dhaka",
    "geojson": "{}"
  },
  {
    "id": 70614,
    "upazila_id": 706,
    "name_en": "Chariyya",
    "name_bn": "চাড়িয়্যা",
    "slug": "chariyya",
    "postal_code": "4330",
    "lat": 22.76,
    "lng": 91.8501,
    "timezone": "Asia/Dhaka",
    "geojson": "{}"
  }
]
