[
  {
    "id": 10101,
    "district_id": 101,
    "name_en": "Agailjhara",
    "name_bn": "আগাইলঝারা",
    "slug": "agailjhara"
  },
  {
    "id": 10102,
    "district_id": 101,
    "name_en": "Babuganj",
    "name_bn": "বাবুগঞ্জ",
    "slug": "babuganj"
  },
  {
    "id": 10103,
    "district_id": 101,
    "name_en": "Bakerganj",
    "name_bn": "বাকেরগঞ্জ",
    "slug": "bakerganj"
  },
  {
    "id": 10104,
    "district_id": 101,
    "name_en": "Banaripara",
    "name_bn": "বানারীপাড়া",
    "slug": "banaripara"
  },
  {
    "id": 10105,
    "district_id": 101,
    "name_en": "Barishal Sadar",
    "name_bn": "বরিশাল সদর",
    "slug": "barishal-sadar"
  },
  {
    "id": 10106,
    "district_id": 101,
    "name_en": "Gournadi",
    "name_bn": "গৌরনদী",
    "slug": "gournadi"
  },
  {
    "id": 10107,
    "district_id": 101,
    "name_en": "Hizla",
    "name_bn": "হিজলা",
    "slug": "hizla"
  },
  {
    "id": 10108,
    "district_id": 101,
    "name_en": "Mehendiganj",
    "name_bn": "মেহেন্দীগঞ্জ",
    "slug": "mehendiganj"
  },
  {
    "id": 10109,
    "district_id": 101,
    "name_en": "Muladi",
    "name_bn": "মুলাদী",
    "slug": "muladi"
  },
  {
    "id": 10110,
    "district_id": 101,
    "name_en": "Wazirpur",
    "name_bn": "উজিরপুর",
    "slug": "wazirpur"
  },
  {
    "id": 10201,
    "district_id": 102,
    "name_en": "Amtali",
    "name_bn": "আমতলী",
    "slug": "amtali"
  },
  {
    "id": 10202,
    "district_id": 102,
    "name_en": "Bamna",
    "name_bn": "বামনা",
    "slug": "bamna"
  },
  {
    "id": 10203,
    "district_id": 102,
    "name_en": "Barguna Sadar",
    "name_bn": "বরগুনা সদর",
    "slug": "barguna-sadar"
  },
  {
    "id": 10204,
    "district_id": 102,
    "name_en": "Betagi",
    "name_bn": "বেতাগী",
    "slug": "betagi"
  },
  {
    "id": 10205,
    "district_id": 102,
    "name_en": "Patharghata",
    "name_bn": "পাথরঘাটা",
    "slug": "patharghata"
  },
  {
    "id": 10206,
    "district_id": 102,
    "name_en": "Taltali",
    "name_bn": "তালতলী",
    "slug": "taltali"
  },
  {
    "id": 10301,
    "district_id": 103,
    "name_en": "Bhola Sadar",
    "name_bn": "ভোলা সদর",
    "slug": "bhola-sadar"
  },
  {
    "id": 10302,
    "district_id": 103,
    "name_en": "Burhanuddin",
    "name_bn": "বুরহানউদ্দিন",
    "slug": "burhanuddin"
  },
  {
    "id": 10303,
    "district_id": 103,
    "name_en": "Char Fasson",
    "name_bn": "চরফ্যাশন",
    "slug": "char-fasson"
  },
  {
    "id": 10304,
    "district_id": 103,
    "name_en": "Daulatkhan",
    "name_bn": "দৌলতখান",
    "slug": "daulatkhan"
  },
  {
    "id": 10305,
    "district_id": 103,
    "name_en": "Lalmohan",
    "name_bn": "লালমোহন",
    "slug": "lalmohan"
  },
  {
    "id": 10306,
    "district_id": 103,
    "name_en": "Manpura",
    "name_bn": "মানপুরা",
    "slug": "manpura"
  },
  {
    "id": 10307,
    "district_id": 103,
    "name_en": "Tazumuddin",
    "name_bn": "তজুমুদ্দিন",
    "slug": "tazumuddin"
  },
  { "id": 10401, "district_id": 104, "name_en": "Jhalokati Sadar", "name_bn": "ঝালকাঠি সদর", "slug": "jhalokati-sadar" },
  { "id": 10402, "district_id": 104, "name_en": "Kathalia",        "name_bn": "কাঠালিয়া",     "slug": "kathalia" },
  { "id": 10403, "district_id": 104, "name_en": "Nalchity",        "name_bn": "নলছিটি",       "slug": "nalchity" },
  { "id": 10404, "district_id": 104, "name_en": "Rajapur",         "name_bn": "রাজাপুর",       "slug": "rajapur" },
  
  {
    "id": 10501,
    "district_id": 105,
    "name_en": "Bauphal",
    "name_bn": "বাউফল",
    "slug": "bauphal"
  },
  {
    "id": 10502,
    "district_id": 105,
    "name_en": "Dashmina",
    "name_bn": "দশমিনা",
    "slug": "dashmina"
  },
  {
    "id": 10503,
    "district_id": 105,
    "name_en": "Dumki",
    "name_bn": "দুমকি",
    "slug": "dumki"
  },
  {
    "id": 10504,
    "district_id": 105,
    "name_en": "Galachipa",
    "name_bn": "গলাচিপা",
    "slug": "galachipa"
  },
  {
    "id": 10505,
    "district_id": 105,
    "name_en": "Kalapara",
    "name_bn": "কালাপারা",
    "slug": "kalapara"
  },
  {
    "id": 10506,
    "district_id": 105,
    "name_en": "Mirzaganj",
    "name_bn": "মির্জাগঞ্জ",
    "slug": "mirzaganj"
  },
  {
    "id": 10507,
    "district_id": 105,
    "name_en": "Patuakhali Sadar",
    "name_bn": "পটুয়াখালী সদর",
    "slug": "patuakhali-sadar"
  },
  {
    "id": 10508,
    "district_id": 105,
    "name_en": "Rangabali",
    "name_bn": "রাঙ্গাবালি",
    "slug": "rangabali"
  },
  {
    "id": 10601,
    "district_id": 106,
    "name_en": "Bhandaria",
    "name_bn": "ভাণ্ডারিয়া",
    "slug": "bhandaria"
  },
  {
    "id": 10602,
    "district_id": 106,
    "name_en": "Indurkani",
    "name_bn": "ইন্দুরকানী",
    "slug": "indurkani"
  },
  {
    "id": 10603,
    "district_id": 106,
    "name_en": "Kawkhali",
    "name_bn": "কাউখালী",
    "slug": "kawkhali"
  },
  {
    "id": 10604,
    "district_id": 106,
    "name_en": "Mathbaria",
    "name_bn": "মঠবাড়ীয়া",
    "slug": "mathbaria"
  },
  {
    "id": 10605,
    "district_id": 106,
    "name_en": "Nazirpur",
    "name_bn": "নাজিরপুর",
    "slug": "nazirpur"
  },
  {
    "id": 10606,
    "district_id": 106,
    "name_en": "Nesarabad (Swarupkati)",
    "name_bn": "নেছারাবাদ (শরূপকাঠী)",
    "slug": "nesarabad-swarupkati"
  },
  {
    "id": 10607,
    "district_id": 106,
    "name_en": "Pirojpur Sadar",
    "name_bn": "পিরোজপুর সদর",
    "slug": "pirojpur-sadar"
  },
  { "id": 20101, "district_id": 201, "name_en": "Ali Kadam", "name_bn": "আলী কদম", "slug": "ali-kadam" },
  { "id": 20102, "district_id": 201, "name_en": "Bandarban Sadar", "name_bn": "বান্দরবান সদর", "slug": "bandarban-sadar" },
  { "id": 20103, "district_id": 201, "name_en": "Lama", "name_bn": "লামা", "slug": "lama" },
  { "id": 20104, "district_id": 201, "name_en": "Naikhongchhari", "name_bn": "নাইক্ষ্যংছড়ি", "slug": "naikhongchhari" },
  { "id": 20105, "district_id": 201, "name_en": "Rowangchhari", "name_bn": "রোয়াংছড়ি", "slug": "rowangchhari" },
  { "id": 20106, "district_id": 201, "name_en": "Ruma", "name_bn": "রুমা", "slug": "ruma" },
  { "id": 20107, "district_id": 201, "name_en": "Thanchi", "name_bn": "থানচি", "slug": "thanchi" },

  { "id": 20201, "district_id": 202, "name_en": "Akhaura", "name_bn": "আখাউড়া", "slug": "akhaura" },
  { "id": 20202, "district_id": 202, "name_en": "Ashuganj", "name_bn": "আশুগঞ্জ", "slug": "ashuganj" },
  { "id": 20203, "district_id": 202, "name_en": "Bancharampur", "name_bn": "বাঞ্ছারামপুর", "slug": "bancharampur" },
  { "id": 20204, "district_id": 202, "name_en": "Bijoynagar", "name_bn": "বিজয়নগর", "slug": "bijoynagar" },
  { "id": 20205, "district_id": 202, "name_en": "Brahmanbaria Sadar", "name_bn": "ব্রাহ্মণবাড়িয়া সদর", "slug": "brahmanbaria-sadar" },
  { "id": 20206, "district_id": 202, "name_en": "Kasba", "name_bn": "কসবা", "slug": "kasba" },
  { "id": 20207, "district_id": 202, "name_en": "Nabinagar", "name_bn": "নবীনগর", "slug": "nabinagar" },
  { "id": 20208, "district_id": 202, "name_en": "Nasirnagar", "name_bn": "নাসিরনগর", "slug": "nasirnagar" },
  { "id": 20209, "district_id": 202, "name_en": "Sarail", "name_bn": "সরাইল", "slug": "sarail" },

  { "id": 20301, "district_id": 203, "name_en": "Chandpur Sadar", "name_bn": "চাঁদপুর সদর", "slug": "chandpur-sadar" },
  { "id": 20302, "district_id": 203, "name_en": "Faridganj", "name_bn": "ফরিদগঞ্জ", "slug": "faridganj" },
  { "id": 20303, "district_id": 203, "name_en": "Hajiganj", "name_bn": "হাজীগঞ্জ", "slug": "hajiganj" },
  { "id": 20304, "district_id": 203, "name_en": "Haimchar", "name_bn": "হাইমচর", "slug": "haimchar" },
  { "id": 20305, "district_id": 203, "name_en": "Kachua", "name_bn": "কচুয়া", "slug": "kachua" },
  { "id": 20306, "district_id": 203, "name_en": "Matlab Dakshin", "name_bn": "মতলব দক্ষিণ", "slug": "matlab-dakshin" },
  { "id": 20307, "district_id": 203, "name_en": "Matlab Uttar", "name_bn": "মতলব উত্তর", "slug": "matlab-uttar" },
  { "id": 20308, "district_id": 203, "name_en": "Shahrasti", "name_bn": "শাহরাস্তি", "slug": "shahrasti" },

  { "id": 20401, "district_id": 204, "name_en": "Anwara", "name_bn": "আনোয়ারা", "slug": "anwara" },
  { "id": 20402, "district_id": 204, "name_en": "Banshkhali", "name_bn": "বাঁশখালি", "slug": "banshkhali" },
  { "id": 20403, "district_id": 204, "name_en": "Boalkhali", "name_bn": "বোয়ালখালী", "slug": "boalkhali" },
  { "id": 20404, "district_id": 204, "name_en": "Chandanaish", "name_bn": "চান্দানাইশ", "slug": "chandanaish" },
  { "id": 20405, "district_id": 204, "name_en": "Fatikchhari", "name_bn": "ফটিকছড়ি", "slug": "fatikchhari" },
  { "id": 20406, "district_id": 204, "name_en": "Hathazari", "name_bn": "হাটহাজারী", "slug": "hathazari" },
  { "id": 20407, "district_id": 204, "name_en": "Karnaphuli", "name_bn": "কর্ণফুলি", "slug": "karnaphuli" },
  { "id": 20408, "district_id": 204, "name_en": "Lohagara", "name_bn": "লোহাগাড়া", "slug": "lohagara" },
  { "id": 20409, "district_id": 204, "name_en": "Mirsharai", "name_bn": "মীরসরাই", "slug": "mirsharai" },
  { "id": 20410, "district_id": 204, "name_en": "Patiya", "name_bn": "পটিয়া", "slug": "patiya" },
  { "id": 20411, "district_id": 204, "name_en": "Rangunia", "name_bn": "রাঙ্গুনিয়া", "slug": "rangunia" },
  { "id": 20412, "district_id": 204, "name_en": "Raozan", "name_bn": "রাউজান", "slug": "raozen" },
  { "id": 20413, "district_id": 204, "name_en": "Sandwip", "name_bn": "স্যান্ডউইপ", "slug": "sandwip" },
  { "id": 20414, "district_id": 204, "name_en": "Satkania", "name_bn": "সাতকানিয়া", "slug": "satkania" },
  { "id": 20415, "district_id": 204, "name_en": "Sitakunda", "name_bn": "সীতাকুণ্ড", "slug": "sitakunda" },
  { "id": 20501, "district_id": 205, "name_en": "Chakaria", "name_bn": "চকরিয়া", "slug": "chakaria" },
  { "id": 20502, "district_id": 205, "name_en": "Cox's Bazar Sadar", "name_bn": "কক্সবাজার সদর", "slug": "coxs-bazar-sadar" },
  { "id": 20503, "district_id": 205, "name_en": "Kutubdia", "name_bn": "কুতুবদিয়া", "slug": "kutubdia" },
  { "id": 20504, "district_id": 205, "name_en": "Maheshkhali", "name_bn": "মহেশখালী", "slug": "maheshkhali" },
  { "id": 20505, "district_id": 205, "name_en": "Pekua", "name_bn": "পেকুয়া", "slug": "pekua" },
  { "id": 20506, "district_id": 205, "name_en": "Ramu", "name_bn": "রামু", "slug": "ramu" },
  { "id": 20507, "district_id": 205, "name_en": "Teknaf", "name_bn": "টেকনাফ", "slug": "teknaf" },
  { "id": 20508, "district_id": 205, "name_en": "Ukhia", "name_bn": "উখিয়া", "slug": "ukhia" },

  { "id": 20601, "district_id": 206, "name_en": "Barura", "name_bn": "বরুড়া", "slug": "barura" },
  { "id": 20602, "district_id": 206, "name_en": "Brahmanpara", "name_bn": "ব্রাহ্মণপাড়া", "slug": "brahmanpara" },
  { "id": 20603, "district_id": 206, "name_en": "Burichang", "name_bn": "বুড়িচং", "slug": "burichang" },
  { "id": 20604, "district_id": 206, "name_en": "Chandina", "name_bn": "চান্দিনা", "slug": "chandina" },
  { "id": 20605, "district_id": 206, "name_en": "Chauddagram", "name_bn": "চৌদ্দগ্রাম", "slug": "chauddagram" },
  { "id": 20606, "district_id": 206, "name_en": "Cumilla Sadar Adarsha", "name_bn": "কুমিল্লা সদর আদর্শ", "slug": "cumilla-sadar-adarsha" },
  { "id": 20607, "district_id": 206, "name_en": "Cumilla Sadar Dakshin", "name_bn": "কুমিল্লা সদর দক্ষিণ", "slug": "cumilla-sadar-dakshin" },
  { "id": 20608, "district_id": 206, "name_en": "Daudkandi", "name_bn": "দাউদকান্দি", "slug": "daudkandi" },
  { "id": 20609, "district_id": 206, "name_en": "Debidwar", "name_bn": "দেবিদ্বার", "slug": "debidwar" },
  { "id": 20610, "district_id": 206, "name_en": "Homna", "name_bn": "হোমনা", "slug": "homna" },
  { "id": 20611, "district_id": 206, "name_en": "Laksam", "name_bn": "লাকসাম", "slug": "laksam" },
  { "id": 20612, "district_id": 206, "name_en": "Meghna", "name_bn": "মেঘনা", "slug": "meghna" },
  { "id": 20613, "district_id": 206, "name_en": "Monoharganj", "name_bn": "মনোহরগঞ্জ", "slug": "monoharganj" },
  { "id": 20614, "district_id": 206, "name_en": "Muradnagar", "name_bn": "মুরাদনগর", "slug": "muradnagar" },
  { "id": 20615, "district_id": 206, "name_en": "Nangalkot", "name_bn": "নাঙ্গলকোট", "slug": "nangalkot" },
  { "id": 20616, "district_id": 206, "name_en": "Titas", "name_bn": "তিতাস", "slug": "titas" },

  { "id": 20701, "district_id": 207, "name_en": "Chhagalnaiya", "name_bn": "ছাগলনাইয়া", "slug": "chhagalnaiya" },
  { "id": 20702, "district_id": 207, "name_en": "Daganbhuiyan", "name_bn": "ডাগনভুইয়া", "slug": "daganbhuiyan" },
  { "id": 20703, "district_id": 207, "name_en": "Feni Sadar", "name_bn": "ফেনী সদর", "slug": "feni-sadar" },
  { "id": 20704, "district_id": 207, "name_en": "Fulgazi", "name_bn": "ফুলগাজী", "slug": "fulgazi" },
  { "id": 20705, "district_id": 207, "name_en": "Parshuram", "name_bn": "পর্শুরাম", "slug": "parshuram" },
  { "id": 20706, "district_id": 207, "name_en": "Sonagazi", "name_bn": "সোনাগাজী", "slug": "sonagazi" },

  { "id": 20801, "district_id": 208, "name_en": "Dighinala", "name_bn": "দিঘিনালা", "slug": "dighinala" },
  { "id": 20802, "district_id": 208, "name_en": "Khagrachhari Sadar", "name_bn": "খাগড়াছড়ি সদর", "slug": "khagrachhari-sadar" },
  { "id": 20803, "district_id": 208, "name_en": "Lakshmichhari", "name_bn": "লক্ষ্মীছড়ি", "slug": "lakshmichhari" },
  { "id": 20804, "district_id": 208, "name_en": "Mahalchhari", "name_bn": "মহালছড়ি", "slug": "mahalchhari" },
  { "id": 20805, "district_id": 208, "name_en": "Manikchhari", "name_bn": "মানিকছড়ি", "slug": "manikchhari" },
  { "id": 20806, "district_id": 208, "name_en": "Matiranga", "name_bn": "মাটিরাঙ্গা", "slug": "matiranga" },
  { "id": 20807, "district_id": 208, "name_en": "Panchhari", "name_bn": "পাঞ্চরী", "slug": "panchhari" },
  { "id": 20808, "district_id": 208, "name_en": "Ramgarh", "name_bn": "রামগড়", "slug": "ramgarh" },

  { "id": 20901, "district_id": 209, "name_en": "Kamalnagar", "name_bn": "কমলনগর", "slug": "kamalnagar" },
  { "id": 20902, "district_id": 209, "name_en": "Lakshmipur Sadar", "name_bn": "লক্ষ্মীপুর সদর", "slug": "lakshmipur-sadar" },
  { "id": 20903, "district_id": 209, "name_en": "Raipur", "name_bn": "রায়পুর", "slug": "raipur" },
  { "id": 20904, "district_id": 209, "name_en": "Ramganj", "name_bn": "রামগঞ্জ", "slug": "ramganj" },
  { "id": 20905, "district_id": 209, "name_en": "Ramgati", "name_bn": "রামগতি", "slug": "ramgati" },

   { "id": 21001, "district_id": 210, "name_en": "Begumganj", "name_bn": "বেগমগঞ্জ", "slug": "begumganj" },
   { "id": 21002, "district_id": 210, "name_en": "Chatkhil", "name_bn": "চাটখিল", "slug": "chatkhil" },
   { "id": 21003, "district_id": 210, "name_en": "Companiganj", "name_bn": "কোম্পানীগঞ্জ", "slug": "companiganj" },
   { "id": 21004, "district_id": 210, "name_en": "Hatiya", "name_bn": "হাতিয়া", "slug": "hatiya" },
   { "id": 21005, "district_id": 210, "name_en": "Kabirhat", "name_bn": "কবিরহাট", "slug": "kabirhat" },
   { "id": 21006, "district_id": 210, "name_en": "Noakhali Sadar", "name_bn": "নোয়াখালী সদর", "slug": "noakhali-sadar" },
   { "id": 21007, "district_id": 210, "name_en": "Senbagh", "name_bn": "সেনবাগ", "slug": "senbagh" },
   { "id": 21008, "district_id": 210, "name_en": "Sonaimuri", "name_bn": "সোনাইমুড়ি", "slug": "sonaimuri" },
   { "id": 21009, "district_id": 210, "name_en": "Subarnachar", "name_bn": "সুবর্ণচর", "slug": "subarnachar" },
 
   { "id": 21101, "district_id": 211, "name_en": "Bagaichhari", "name_bn": "বাগাইছড়ি", "slug": "bagaichhari" },
   { "id": 21102, "district_id": 211, "name_en": "Barkal", "name_bn": "বারকাল", "slug": "barkal" },
   { "id": 21103, "district_id": 211, "name_en": "Belaichhari", "name_bn": "বেলাইছড়ি", "slug": "belaichhari" },
   { "id": 21104, "district_id": 211, "name_en": "Juraichhari", "name_bn": "জুরাইছড়ি", "slug": "juraichhari" },
   { "id": 21105, "district_id": 211, "name_en": "Kaptai", "name_bn": "কাপ্তাই", "slug": "kaptai" },
   { "id": 21106, "district_id": 211, "name_en": "Kawkhali", "name_bn": "কাউখালি", "slug": "kawkhali" },
   { "id": 21107, "district_id": 211, "name_en": "Langadu", "name_bn": "লংগাদু", "slug": "langadu" },
   { "id": 21108, "district_id": 211, "name_en": "Naniarchar", "name_bn": "নানিয়াচড়ি", "slug": "naniarchar" },
   { "id": 21109, "district_id": 211, "name_en": "Rajasthali", "name_bn": "রাজস্থলী", "slug": "rajasthali" },
   { "id": 21110, "district_id": 211, "name_en": "Rangamati Sadar", "name_bn": "রাঙ্গামাটি সদর", "slug": "rangamati-sadar" },

  { "id": 30101, "district_id": 301, "name_en": "Dhamrai", "name_bn": "ধামরাই", "slug": "dhamrai" },
  { "id": 30102, "district_id": 301, "name_en": "Dohar", "name_bn": "দোহার", "slug": "dohar" },
  { "id": 30103, "district_id": 301, "name_en": "Keraniganj", "name_bn": "কেরানীগঞ্জ", "slug": "keraniganj" },
  { "id": 30104, "district_id": 301, "name_en": "Nawabganj", "name_bn": "নবাবগঞ্জ", "slug": "nawabganj" },
  { "id": 30105, "district_id": 301, "name_en": "Savar", "name_bn": "সাভার", "slug": "savar" },

  { "id": 30201, "district_id": 302, "name_en": "Alfadanga", "name_bn": "আলফাডাঙ্গা", "slug": "alfadanga" },
  { "id": 30202, "district_id": 302, "name_en": "Bhanga", "name_bn": "ভাঙ্গা", "slug": "bhanga" },
  { "id": 30203, "district_id": 302, "name_en": "Boalmari", "name_bn": "বোয়ালমারী", "slug": "boalmari" },
  { "id": 30204, "district_id": 302, "name_en": "Charbhadrasan", "name_bn": "চরভদ্রাসন", "slug": "charbhadrasan" },
  { "id": 30205, "district_id": 302, "name_en": "Faridpur Sadar", "name_bn": "ফরিদপুর সদর", "slug": "faridpur-sadar" },
  { "id": 30206, "district_id": 302, "name_en": "Madhukhali", "name_bn": "মধুখালী", "slug": "madhukhali" },
  { "id": 30207, "district_id": 302, "name_en": "Nagarkanda", "name_bn": "নগরকান্দা", "slug": "nagarkanda" },
  { "id": 30208, "district_id": 302, "name_en": "Sadarpur", "name_bn": "সদরপুর", "slug": "sadarpur" },
  { "id": 30209, "district_id": 302, "name_en": "Saltha", "name_bn": "সালথা", "slug": "saltha" },

    { "id": 30301, "district_id": 303, "name_en": "Gazipur Sadar", "name_bn": "গাজীপুর সদর", "slug": "gazipur-sadar" },
    { "id": 30302, "district_id": 303, "name_en": "Kaliakoir", "name_bn": "কালিয়াকৈর", "slug": "kaliakoir" },
    { "id": 30303, "district_id": 303, "name_en": "Kaliganj", "name_bn": "কালীগঞ্জ", "slug": "kaliganj" },
    { "id": 30304, "district_id": 303, "name_en": "Kapasia", "name_bn": "কাপাসিয়া", "slug": "kapasia" },
    { "id": 30305, "district_id": 303, "name_en": "Sreepur", "name_bn": "শ্রীপুর", "slug": "sreepur" },
  

  { "id": 30401, "district_id": 304, "name_en": "Gopalganj Sadar", "name_bn": "গোপালগঞ্জ সদর", "slug": "gopalganj-sadar" },
  { "id": 30402, "district_id": 304, "name_en": "Kashiani", "name_bn": "কাশিয়ানি", "slug": "kashiani" },
  { "id": 30403, "district_id": 304, "name_en": "Kotalipara", "name_bn": "কোটালীপাড়া", "slug": "kotalipara" },
  { "id": 30404, "district_id": 304, "name_en": "Muksudpur", "name_bn": "মুকসুদপুর", "slug": "muksudpur" },
  { "id": 30405, "district_id": 304, "name_en": "Tungipara", "name_bn": "টুঙ্গিপাড়া", "slug": "tungipara" },



{ "id": 30501, "district_id": 305, "name_en": "Austagram", "name_bn": "আষ্টাগ্রাম", "slug": "austagram" },
{ "id": 30502, "district_id": 305, "name_en": "Bajitpur", "name_bn": "বাজিতপুর", "slug": "bajitpur" },
{ "id": 30503, "district_id": 305, "name_en": "Bhairab", "name_bn": "ভৈরব", "slug": "bhairab" },
{ "id": 30504, "district_id": 305, "name_en": "Hossainpur", "name_bn": "হোসেনপুর", "slug": "hossainpur" },
{ "id": 30505, "district_id": 305, "name_en": "Itna", "name_bn": "ইটনা", "slug": "itna" },
{ "id": 30506, "district_id": 305, "name_en": "Karimganj", "name_bn": "কারিমগঞ্জ", "slug": "karimganj" },
{ "id": 30507, "district_id": 305, "name_en": "Katiadi", "name_bn": "কটিয়াদি", "slug": "katiadi" },
{ "id": 30508, "district_id": 305, "name_en": "Kishoreganj Sadar", "name_bn": "কিশোরগঞ্জ সদর", "slug": "kishoreganj-sadar" },
{ "id": 30509, "district_id": 305, "name_en": "Kuliarchar", "name_bn": "কুলিয়ারচর", "slug": "kuliarchar" },
{ "id": 30510, "district_id": 305, "name_en": "Mithamain", "name_bn": "মিঠামাইন", "slug": "mithamain" },
{ "id": 30511, "district_id": 305, "name_en": "Nikli", "name_bn": "নিকলি", "slug": "nikli" },
{ "id": 30512, "district_id": 305, "name_en": "Pakundia", "name_bn": "পাকুন্দিয়া", "slug": "pakundia" },
{ "id": 30513, "district_id": 305, "name_en": "Tarail", "name_bn": "তারাইল", "slug": "tarail" },

{ "id": 30601, "district_id": 306, "name_en": "Dasar", "name_bn": "দাসার", "slug": "dasar" },
{ "id": 30602, "district_id": 306, "name_en": "Kalkini", "name_bn": "কালকিনি", "slug": "kalkini" },
{ "id": 30603, "district_id": 306, "name_en": "Madaripur Sadar", "name_bn": "মাদারীপুর সদর", "slug": "madaripur-sadar" },
{ "id": 30604, "district_id": 306, "name_en": "Rajoir", "name_bn": "রাজইর", "slug": "rajoir" },
{ "id": 30605, "district_id": 306, "name_en": "Shibchar", "name_bn": "শিবচর", "slug": "shibchar" },

{ "id": 30701, "district_id": 307, "name_en": "Daulatpur", "name_bn": "দৌলতপুর", "slug": "daulatpur" },
{ "id": 30702, "district_id": 307, "name_en": "Ghior", "name_bn": "ঘিওর", "slug": "ghior" },
{ "id": 30703, "district_id": 307, "name_en": "Harirampur", "name_bn": "হরিরামপুর", "slug": "harirampur" },
{ "id": 30704, "district_id": 307, "name_en": "Manikganj Sadar", "name_bn": "মানিকগঞ্জ সদর", "slug": "manikganj-sadar" },
{ "id": 30705, "district_id": 307, "name_en": "Saturia", "name_bn": "সাটুরিয়া", "slug": "saturia" },
{ "id": 30706, "district_id": 307, "name_en": "Shivalaya", "name_bn": "শিবালয়", "slug": "shivalaya" },
{ "id": 30707, "district_id": 307, "name_en": "Singair", "name_bn": "সিংগাইর", "slug": "singair" },

 { "id": 30801, "district_id": 308, "name_en": "Gazaria", "name_bn": "গজারিয়া", "slug": "gazaria" },
 { "id": 30802, "district_id": 308, "name_en": "Louhajang", "name_bn": "লৌহজং", "slug": "louhajang" },
 { "id": 30803, "district_id": 308, "name_en": "Munshiganj Sadar", "name_bn": "মুন্সীগঞ্জ সদর", "slug": "munshiganj-sadar" },
 { "id": 30804, "district_id": 308, "name_en": "Sirajdikhan", "name_bn": "সিরাজদিখান", "slug": "sirajdikhan" },
 { "id": 30805, "district_id": 308, "name_en": "Sreenagar", "name_bn": "শ্রীনগর", "slug": "sreenagar" },
 { "id": 30806, "district_id": 308, "name_en": "Tongibari", "name_bn": "টঙ্গীবাড়ী", "slug": "tongibari" },

 { "id": 30901, "district_id": 309, "name_en": "Araihazar", "name_bn": "আরাইহাজার", "slug": "araihazar" },
 { "id": 30902, "district_id": 309, "name_en": "Bandar", "name_bn": "বন্দর", "slug": "bandar" },
 { "id": 30903, "district_id": 309, "name_en": "Narayanganj Sadar", "name_bn": "নারায়ণগঞ্জ সদর", "slug": "narayanganj-sadar" },
 { "id": 30904, "district_id": 309, "name_en": "Rupganj", "name_bn": "রূপগঞ্জ", "slug": "rupganj" },
 { "id": 30905, "district_id": 309, "name_en": "Sonargaon", "name_bn": "সোনারগাঁও", "slug": "sonargaon" },

 { "id": 31001, "district_id": 310, "name_en": "Belabo", "name_bn": "বেলাবো", "slug": "belabo" },
 { "id": 31002, "district_id": 310, "name_en": "Monohardi", "name_bn": "মনোহরদী", "slug": "monohardi" },
 { "id": 31003, "district_id": 310, "name_en": "Narsingdi Sadar", "name_bn": "নরসিংদী সদর", "slug": "narsingdi-sadar" },
 { "id": 31004, "district_id": 310, "name_en": "Palash", "name_bn": "পলাশ", "slug": "palash" },
 { "id": 31005, "district_id": 310, "name_en": "Raipura", "name_bn": "রায়পুরা", "slug": "raipura" },
 { "id": 31006, "district_id": 310, "name_en": "Shibpur", "name_bn": "শিবপুর", "slug": "shibpur" },

 { "id": 31101, "district_id": 311, "name_en": "Baliakandi", "name_bn": "বালিয়াকান্দি", "slug": "baliakandi" },
 { "id": 31102, "district_id": 311, "name_en": "Goalanda", "name_bn": "গোয়ালন্দ", "slug": "goalanda" },
 { "id": 31103, "district_id": 311, "name_en": "Kalukhali", "name_bn": "কালুখালী", "slug": "kalukhali" },
 { "id": 31104, "district_id": 311, "name_en": "Rajbari Sadar", "name_bn": "রাজবাড়ী সদর", "slug": "rajbari-sadar" },

 { "id": 31201, "district_id": 312, "name_en": "Bhedarganj", "name_bn": "ভেদরগঞ্জ", "slug": "bhedarganj" },
 { "id": 31202, "district_id": 312, "name_en": "Damudya", "name_bn": "ডামুড্যা", "slug": "damudya" },
 { "id": 31203, "district_id": 312, "name_en": "Gosairhat", "name_bn": "গোসাইরহাট", "slug": "gosairhat" },
 { "id": 31204, "district_id": 312, "name_en": "Naria", "name_bn": "নারায়া", "slug": "naria" },
 { "id": 31205, "district_id": 312, "name_en": "Shariatpur Sadar", "name_bn": "শরীয়তপুর সদর", "slug": "shariatpur-sadar" },
 { "id": 31206, "district_id": 312, "name_en": "Zajira", "name_bn": "জাজিরা", "slug": "zajira" },

 { "id": 31301, "district_id": 313, "name_en": "Basail", "name_bn": "বাসাইল", "slug": "basail" },
 { "id": 31302, "district_id": 313, "name_en": "Bhuapur", "name_bn": "ভুয়াপুর", "slug": "bhuapur" },
 { "id": 31303, "district_id": 313, "name_en": "Delduar", "name_bn": "দেলদুয়ার", "slug": "delduar" },
 { "id": 31304, "district_id": 313, "name_en": "Dhanbari", "name_bn": "ধনবাড়ী", "slug": "dhanbari" },
 { "id": 31305, "district_id": 313, "name_en": "Ghatail", "name_bn": "ঘাটাইল", "slug": "ghatail" },
 { "id": 31306, "district_id": 313, "name_en": "Gopalpur", "name_bn": "গোপালপুর", "slug": "gopalpur" },
 { "id": 31307, "district_id": 313, "name_en": "Kalihati", "name_bn": "কালিহাতি", "slug": "kalihati" },
 { "id": 31308, "district_id": 313, "name_en": "Madhupur", "name_bn": "মধুপুর", "slug": "madhupur" },
 { "id": 31309, "district_id": 313, "name_en": "Mirzapur", "name_bn": "মির্জাপুর", "slug": "mirzapur" },
 { "id": 31310, "district_id": 313, "name_en": "Nagarpur", "name_bn": "নাগরপুর", "slug": "nagarpur" },
 { "id": 31311, "district_id": 313, "name_en": "Sakhipur", "name_bn": "সখিপুর", "slug": "sakhipur" },
 { "id": 31312, "district_id": 313, "name_en": "Tangail Sadar", "name_bn": "টাঙ্গাইল সদর", "slug": "tangail-sadar" },


 { "id": 40101, "district_id": 401, "name_en": "Bagerhat Sadar", "name_bn": "বাগেরহাট সদর", "slug": "bagerhat-sadar" },
 { "id": 40102, "district_id": 401, "name_en": "Chitalmari", "name_bn": "চিতলমারী", "slug": "chitalmari" },
 { "id": 40103, "district_id": 401, "name_en": "Fakirhat", "name_bn": "ফকিরহাট", "slug": "fakirhat" },
 { "id": 40104, "district_id": 401, "name_en": "Kachua", "name_bn": "কচুয়া", "slug": "kachua" },
 { "id": 40105, "district_id": 401, "name_en": "Mollahat", "name_bn": "মোল্লাহাট", "slug": "mollahat" },
 { "id": 40106, "district_id": 401, "name_en": "Mongla", "name_bn": "মোংলা", "slug": "mongla" },
 { "id": 40107, "district_id": 401, "name_en": "Morrelganj", "name_bn": "মরেলগঞ্জ", "slug": "morrelganj" },
 { "id": 40108, "district_id": 401, "name_en": "Rampal", "name_bn": "রামপাল", "slug": "rampal" },
 { "id": 40109, "district_id": 401, "name_en": "Sarankhola", "name_bn": "শরনখোলা", "slug": "sarankhola" },

 { "id": 40201, "district_id": 402, "name_en": "Alamdanga", "name_bn": "আলমডাঙ্গা", "slug": "alamdanga" },
 { "id": 40202, "district_id": 402, "name_en": "Chuadanga Sadar", "name_bn": "চুয়াডাঙ্গা সদর", "slug": "chuadanga-sadar" },
 { "id": 40203, "district_id": 402, "name_en": "Damurhuda", "name_bn": "দামুরহুদা", "slug": "damurhuda" },
 { "id": 40204, "district_id": 402, "name_en": "Jibannagar", "name_bn": "জীবননগর", "slug": "jibannagar" },

 { "id": 40301, "district_id": 403, "name_en": "Abhaynagar", "name_bn": "অভয়নগর", "slug": "abhaynagar" },
 { "id": 40302, "district_id": 403, "name_en": "Bagherpara", "name_bn": "বাঘেরপাড়া", "slug": "bagherpara" },
 { "id": 40303, "district_id": 403, "name_en": "Chaugachha", "name_bn": "চৌগাছা", "slug": "chaugachha" },
 { "id": 40304, "district_id": 403, "name_en": "Jessore Sadar", "name_bn": "যশোর সদর", "slug": "jessore-sadar" },
 { "id": 40305, "district_id": 403, "name_en": "Jhikargachha", "name_bn": "ঝিকরগাছা", "slug": "jhikargachha" },
 { "id": 40306, "district_id": 403, "name_en": "Keshabpur", "name_bn": "কেশবপুর", "slug": "keshabpur" },
 { "id": 40307, "district_id": 403, "name_en": "Manirampur", "name_bn": "মনিরামপুর", "slug": "manirampur" },
 { "id": 40308, "district_id": 403, "name_en": "Sharsha", "name_bn": "শার্শা", "slug": "sharsha" },

  { "id": 40401, "district_id": 404, "name_en": "Harinakunda", "name_bn": "হরিণাকুন্ডা", "slug": "harinakunda" },
  { "id": 40402, "district_id": 404, "name_en": "Jhenaidah Sadar", "name_bn": "ঝিনাইদহ সদর", "slug": "jhenaidah-sadar" },
  { "id": 40403, "district_id": 404, "name_en": "Kaliganj", "name_bn": "কালীগঞ্জ", "slug": "kaliganj" },
  { "id": 40404, "district_id": 404, "name_en": "Kotchandpur", "name_bn": "কোটচাঁদপুর", "slug": "kotchandpur" },
  { "id": 40405, "district_id": 404, "name_en": "Maheshpur", "name_bn": "মহেশপুর", "slug": "maheshpur" },
  { "id": 40406, "district_id": 404, "name_en": "Shailkupa", "name_bn": "শৈলকুপা", "slug": "shailkupa" },

 { "id": 40501, "district_id": 405, "name_en": "Batiaghata", "name_bn": "বটিয়াঘাটা", "slug": "batiaghata" },
 { "id": 40502, "district_id": 405, "name_en": "Dacope", "name_bn": "ডাকোপ", "slug": "dacope" },
 { "id": 40503, "district_id": 405, "name_en": "Dighalia", "name_bn": "দিঘলিয়া", "slug": "dighalia" },
 { "id": 40504, "district_id": 405, "name_en": "Dumuria", "name_bn": "ডুমুরিয়া", "slug": "dumuria" },
 { "id": 40505, "district_id": 405, "name_en": "Koyra", "name_bn": "কয়রা", "slug": "koyra" },
 { "id": 40506, "district_id": 405, "name_en": "Paikgachha", "name_bn": "পাইকগাছা", "slug": "paikgachha" },
 { "id": 40507, "district_id": 405, "name_en": "Phultala", "name_bn": "ফুলতলা", "slug": "phultala" },
 { "id": 40508, "district_id": 405, "name_en": "Rupsa", "name_bn": "রূপসা", "slug": "rupsa" },
 { "id": 40509, "district_id": 405, "name_en": "Terokhada", "name_bn": "তেরখাদা", "slug": "terokhada" },

 { "id": 40601, "district_id": 406, "name_en": "Bheramara", "name_bn": "ভেরামারা", "slug": "bheramara" },
 { "id": 40602, "district_id": 406, "name_en": "Daulatpur", "name_bn": "দৌলতপুর", "slug": "daulatpur" },
 { "id": 40603, "district_id": 406, "name_en": "Khoksa", "name_bn": "খোকসা", "slug": "khoksa" },
 { "id": 40604, "district_id": 406, "name_en": "Kumarkhali", "name_bn": "কুমারখালি", "slug": "kumarkhali" },
 { "id": 40605, "district_id": 406, "name_en": "Kushtia Sadar", "name_bn": "কুষ্টিয়া সদর", "slug": "kushtia-sadar" },
 { "id": 40606, "district_id": 406, "name_en": "Mirpur", "name_bn": "মিরপুর", "slug": "mirpur" },

 { "id": 40701, "district_id": 407, "name_en": "Magura Sadar", "name_bn": "মাগুরা সদর", "slug": "magura-sadar" },
 { "id": 40702, "district_id": 407, "name_en": "Mohammadpur", "name_bn": "মোহাম্মদপুর", "slug": "mohammadpur" },
 { "id": 40703, "district_id": 407, "name_en": "Shalikha", "name_bn": "শালিখা", "slug": "shalikha" },
 { "id": 40704, "district_id": 407, "name_en": "Sreepur", "name_bn": "শ্রীপুর", "slug": "sreepur" },

 { "id": 40801, "district_id": 408, "name_en": "Gangni", "name_bn": "গাংনী", "slug": "gangni" },
 { "id": 40802, "district_id": 408, "name_en": "Meherpur Sadar", "name_bn": "মেহেরপুর সদর", "slug": "meherpur-sadar" },
 { "id": 40803, "district_id": 408, "name_en": "Mujibnagar", "name_bn": "মুজিবনগর", "slug": "mujibnagar" },

 { "id": 40901, "district_id": 409, "name_en": "Kalia", "name_bn": "কালিয়া", "slug": "kalia" },
 { "id": 40902, "district_id": 409, "name_en": "Lohagara", "name_bn": "লোহাগাড়া", "slug": "lohagara" },
 { "id": 40903, "district_id": 409, "name_en": "Narail Sadar", "name_bn": "নড়াইল সদর", "slug": "narail-sadar" },

 { "id": 41001, "district_id": 410, "name_en": "Assasuni", "name_bn": "আশাশুনি", "slug": "assasuni" },
 { "id": 41002, "district_id": 410, "name_en": "Debhata", "name_bn": "দেবহাটা", "slug": "debhata" },
 { "id": 41003, "district_id": 410, "name_en": "Kalaroa", "name_bn": "কালারোয়া", "slug": "kalaroa" },
 { "id": 41004, "district_id": 410, "name_en": "Kaliganj", "name_bn": "কালীগঞ্জ", "slug": "kaliganj" },
 { "id": 41005, "district_id": 410, "name_en": "Satkhira Sadar", "name_bn": "সাতক্ষীরা সদর", "slug": "satkhira-sadar" },
 { "id": 41006, "district_id": 410, "name_en": "Shyamnagar", "name_bn": "শ্যামনগর", "slug": "shyamnagar" },
 { "id": 41007, "district_id": 410, "name_en": "Tala", "name_bn": "তালা", "slug": "tala" },

 { "id": 50101, "district_id": 501, "name_en": "Bakshiganj", "name_bn": "বকশীগঞ্জ", "slug": "bakshiganj" },
 { "id": 50102, "district_id": 501, "name_en": "Dewanganj", "name_bn": "দেওয়ানগঞ্জ", "slug": "dewanganj" },
 { "id": 50103, "district_id": 501, "name_en": "Islampur", "name_bn": "ইসলামপুর", "slug": "islampur" },
 { "id": 50104, "district_id": 501, "name_en": "Jamalpur Sadar", "name_bn": "জামালপুর সদর", "slug": "jamalpur-sadar" },
 { "id": 50105, "district_id": 501, "name_en": "Madarganj", "name_bn": "মাদারগঞ্জ", "slug": "madarganj" },
 { "id": 50106, "district_id": 501, "name_en": "Melandaha", "name_bn": "মেলানদহ", "slug": "melandaha" },
 { "id": 50107, "district_id": 501, "name_en": "Sarishabari", "name_bn": "সরিষাবাড়ী", "slug": "sarishabari" },

 { "id": 50201, "district_id": 502, "name_en": "Bhaluka", "name_bn": "ভালুকা", "slug": "bhaluka" },
 { "id": 50202, "district_id": 502, "name_en": "Dhobaura", "name_bn": "ঢোবাউড়া", "slug": "dhobaura" },
 { "id": 50203, "district_id": 502, "name_en": "Fulbaria", "name_bn": "ফুলবাড়িয়া", "slug": "fulbaria" },
 { "id": 50204, "district_id": 502, "name_en": "Gaffargaon", "name_bn": "গফরগাঁও", "slug": "gaffargaon" },
 { "id": 50205, "district_id": 502, "name_en": "Gauripur", "name_bn": "গৌরীপুর", "slug": "gauripur" },
 { "id": 50206, "district_id": 502, "name_en": "Haluaghat", "name_bn": "হালুয়াঘাট", "slug": "haluaghat" },
 { "id": 50207, "district_id": 502, "name_en": "Ishwarganj", "name_bn": "ঈশ্বরগঞ্জ", "slug": "ishwarganj" },
 { "id": 50208, "district_id": 502, "name_en": "Muktagachha", "name_bn": "মুক্তাগাছা", "slug": "muktagachha" },
 { "id": 50209, "district_id": 502, "name_en": "Mymensingh Sadar", "name_bn": "ময়মনসিংহ সদর", "slug": "mymensingh-sadar" },
 { "id": 50210, "district_id": 502, "name_en": "Nandail", "name_bn": "নান্দাইল", "slug": "nandail" },
 { "id": 50211, "district_id": 502, "name_en": "Phulpur", "name_bn": "ফুলপুর", "slug": "phulpur" },
 { "id": 50212, "district_id": 502, "name_en": "Tarakanda", "name_bn": "তারাকান্দা", "slug": "tarakanda" },
 { "id": 50213, "district_id": 502, "name_en": "Trishal", "name_bn": "ত্রিশাল", "slug": "trishal" },

 { "id": 50301, "district_id": 503, "name_en": "Atpara", "name_bn": "আটপাড়া", "slug": "atpara" },
 { "id": 50302, "district_id": 503, "name_en": "Barhatta", "name_bn": "বরহাট্টা", "slug": "barhatta" },
 { "id": 50303, "district_id": 503, "name_en": "Durgapur", "name_bn": "দুর্গাপুর", "slug": "durgapur" },
 { "id": 50304, "district_id": 503, "name_en": "Kalmakanda", "name_bn": "কালমাকান্দা", "slug": "kalmakanda" },
 { "id": 50305, "district_id": 503, "name_en": "Kendua", "name_bn": "কেন্দুয়া", "slug": "kendua" },
 { "id": 50306, "district_id": 503, "name_en": "Khaliajuri", "name_bn": "খালিয়াজুরী", "slug": "khaliajuri" },
 { "id": 50307, "district_id": 503, "name_en": "Madan", "name_bn": "মদন", "slug": "madan" },
 { "id": 50308, "district_id": 503, "name_en": "Mohanganj", "name_bn": "মোহনগঞ্জ", "slug": "mohanganj" },
 { "id": 50309, "district_id": 503, "name_en": "Netrokona Sadar", "name_bn": "নেত্রকোনা সদর", "slug": "netrokona-sadar" },
 { "id": 50310, "district_id": 503, "name_en": "Purbadhala", "name_bn": "পূর্বধলা", "slug": "purbadhala" },

 { "id": 50401, "district_id": 504, "name_en": "Jhenaigati", "name_bn": "ঝিনাইগাতী", "slug": "jhenaigati" },
 { "id": 50402, "district_id": 504, "name_en": "Nakla", "name_bn": "নকলা", "slug": "nakla" },
 { "id": 50403, "district_id": 504, "name_en": "Nalitabari", "name_bn": "নালিতাবাড়ী", "slug": "nalitabari" },
 { "id": 50404, "district_id": 504, "name_en": "Sherpur Sadar", "name_bn": "শেরপুর সদর", "slug": "sherpur-sadar" },
 { "id": 50405, "district_id": 504, "name_en": "Sreebardi", "name_bn": "শ্রীবরদী", "slug": "sreebardi" },

 
 { "id": 60101, "district_id": 601, "name_en": "Adamdighi",        "name_bn": "আদমদিঘী", "slug": "adamdighi" },
 { "id": 60102, "district_id": 601, "name_en": "Bogura Sadar",     "name_bn": "বগুড়া সদর", "slug": "bogura-sadar" },
 { "id": 60103, "district_id": 601, "name_en": "Dhunat",           "name_bn": "ধুনট", "slug": "dhunat" },
 { "id": 60104, "district_id": 601, "name_en": "Dhupchanchia",     "name_bn": "ধূপচাঁচিয়া", "slug": "dhupchanchia" },
 { "id": 60105, "district_id": 601, "name_en": "Gabtali",          "name_bn": "গাবতলী" },
 { "id": 60106, "district_id": 601, "name_en": "Kahaloo",          "name_bn": "কাহালু", "slug": "kahaloo" },
 { "id": 60107, "district_id": 601, "name_en": "Nandigram",        "name_bn": "নন্দীগ্রাম", "slug": "nandigram" },
 { "id": 60108, "district_id": 601, "name_en": "Sariakandi",       "name_bn": "সারিয়াকান্দি", "slug": "sariyakandi" },
 { "id": 60109, "district_id": 601, "name_en": "Shahjahanpur",     "name_bn": "শাহজাহানপুর", "slug": "shahjahanpur" },
 { "id": 60110, "district_id": 601, "name_en": "Sherpur",          "name_bn": "শেরপুর", "slug": "sherpur" },
 { "id": 60111, "district_id": 601, "name_en": "Shibganj",         "name_bn": "শিবগঞ্জ", "slug": "shibganj" },
 { "id": 60112, "district_id": 601, "name_en": "Sonatala",         "name_bn": "সোনাতলা", "slug": "sonatala" },

 { "id": 60301, "district_id": 603, "name_en": "Akkelpur",       "name_bn": "আক্কেলপুর",  "slug": "akkelpur"},
 { "id": 60302, "district_id": 603, "name_en": "Joypurhat Sadar","name_bn": "জয়পুরহাট সদর" },
 { "id": 60303, "district_id": 603, "name_en": "Kalai",          "name_bn": "কালাই" },
 { "id": 60304, "district_id": 603, "name_en": "Khetlal",        "name_bn": "খেতলাল" },
 { "id": 60305, "district_id": 603, "name_en": "Panchbibi",      "name_bn": "পঞ্চবিবি" },

 { "id": 60401, "district_id": 604, "name_en": "Atrai",          "name_bn": "আটরাই" },
 { "id": 60402, "district_id": 604, "name_en": "Badalgachhi",    "name_bn": "বদলগাছী" },
 { "id": 60403, "district_id": 604, "name_en": "Dhamoirhat",     "name_bn": "ধামইরহাট" },
 { "id": 60404, "district_id": 604, "name_en": "Manda",          "name_bn": "মান্দা" },
 { "id": 60405, "district_id": 604, "name_en": "Mohadevpur",     "name_bn": "মহাদেবপুর" },
 { "id": 60406, "district_id": 604, "name_en": "Naogaon Sadar",  "name_bn": "নওগাঁ সদর" },
 { "id": 60407, "district_id": 604, "name_en": "Niamatpur",      "name_bn": "নিয়ামতপুর" },
 { "id": 60408, "district_id": 604, "name_en": "Patnitala",      "name_bn": "পত্নীতলা" },
 { "id": 60409, "district_id": 604, "name_en": "Porsha",         "name_bn": "পোরশা" },
 { "id": 60410, "district_id": 604, "name_en": "Raninagar",      "name_bn": "রানীনগর" },
 { "id": 60411, "district_id": 604, "name_en": "Sapahar",        "name_bn": "সাপাহার" },

 { "id": 60501, "district_id": 605, "name_en": "Bagatipara",     "name_bn": "বাগাতিপাড়া" },
 { "id": 60502, "district_id": 605, "name_en": "Baraigram",      "name_bn": "বড়াইগ্রাম" },
 { "id": 60503, "district_id": 605, "name_en": "Gurudaspur",     "name_bn": "গুরুদাসপুর" },
 { "id": 60504, "district_id": 605, "name_en": "Lalpur",         "name_bn": "লালপুর" },
 { "id": 60505, "district_id": 605, "name_en": "Natore Sadar",   "name_bn": "নাটোর সদর" },
 { "id": 60506, "district_id": 605, "name_en": "Naldanga",       "name_bn": "নলডাঙ্গা" },
 { "id": 60507, "district_id": 605, "name_en": "Singra",         "name_bn": "সিংড়া" },

 { "id": 60601, "district_id": 606, "name_en": "Atgharia",       "name_bn": "আটঘরিয়া" },
 { "id": 60602, "district_id": 606, "name_en": "Bera",           "name_bn": "বেড়া" },
 { "id": 60603, "district_id": 606, "name_en": "Bhangura",       "name_bn": "ভাঙ্গুরা" },
 { "id": 60604, "district_id": 606, "name_en": "Chatmohar",      "name_bn": "চাটমোহর" },
 { "id": 60605, "district_id": 606, "name_en": "Faridpur",       "name_bn": "ফরিদপুর" },
 { "id": 60606, "district_id": 606, "name_en": "Ishwardi",       "name_bn": "ঈশ্বরদী" },
 { "id": 60607, "district_id": 606, "name_en": "Pabna Sadar",    "name_bn": "পাবনা সদর" },
 { "id": 60608, "district_id": 606, "name_en": "Santhia",        "name_bn": "সাঁথিয়া" },
 { "id": 60609, "district_id": 606, "name_en": "Sujanagar",      "name_bn": "সুজানগর" },

 { "id": 60701, "district_id": 607, "name_en": "Bagha",          "name_bn": "বাঘা" },
 { "id": 60702, "district_id": 607, "name_en": "Bagmara",        "name_bn": "বাগমারা" },
 { "id": 60703, "district_id": 607, "name_en": "Charghat",       "name_bn": "চারঘাট" },
 { "id": 60704, "district_id": 607, "name_en": "Durgapur",       "name_bn": "দুর্গাপুর" },
 { "id": 60705, "district_id": 607, "name_en": "Godagari",       "name_bn": "গোদাগাড়ী" },
 { "id": 60706, "district_id": 607, "name_en": "Mohanpur",       "name_bn": "মোহনপুর" },
 { "id": 60707, "district_id": 607, "name_en": "Paba",           "name_bn": "পবা" },
 { "id": 60708, "district_id": 607, "name_en": "Puthia",         "name_bn": "পুঠিয়া" },
 { "id": 60709, "district_id": 607, "name_en": "Tanore",         "name_bn": "তানোর" },

 { "id": 60801, "district_id": 608, "name_en": "Belkuchi",       "name_bn": "বেলকুচি" },
 { "id": 60802, "district_id": 608, "name_en": "Chauhali",       "name_bn": "চৌহালি" },
 { "id": 60803, "district_id": 608, "name_en": "Kamarkhanda",    "name_bn": "কামারখান্ডা" },
 { "id": 60804, "district_id": 608, "name_en": "Kazipur",        "name_bn": "কাজীপুর" },
 { "id": 60805, "district_id": 608, "name_en": "Raiganj",        "name_bn": "রায়গঞ্জ" },
 { "id": 60806, "district_id": 608, "name_en": "Shahjadpur",     "name_bn": "শাহজাদপুর" },
 { "id": 60807, "district_id": 608, "name_en": "Sirajganj Sadar","name_bn": "সিরাজগঞ্জ সদর" },
 { "id": 60808, "district_id": 608, "name_en": "Tarash",         "name_bn": "তারাশ" },
 { "id": 60809, "district_id": 608, "name_en": "Ullahpara",      "name_bn": "উল্লাপাড়া" },

 { "id": 70101, "district_id": 701, "name_en": "Biral",             "name_bn": "বিরল" },
  { "id": 70102, "district_id": 701, "name_en": "Birampur",          "name_bn": "বিরামপুর" },
  { "id": 70103, "district_id": 701, "name_en": "Birganj",           "name_bn": "বিরগঞ্জ" },
  { "id": 70104, "district_id": 701, "name_en": "Bochaganj",         "name_bn": "বছাগঞ্জ" },
  { "id": 70105, "district_id": 701, "name_en": "Chirirbandar",      "name_bn": "চিরিরবন্দর" },
  { "id": 70106, "district_id": 701, "name_en": "Dinajpur Sadar",    "name_bn": "দিনাজপুর সদর" },
  { "id": 70107, "district_id": 701, "name_en": "Fulbari",           "name_bn": "ফুলবাড়ী" },
  { "id": 70108, "district_id": 701, "name_en": "Ghoraghat",         "name_bn": "ঘোড়াঘাট" },
  { "id": 70109, "district_id": 701, "name_en": "Hakimpur",          "name_bn": "হাকিমপুর" },
  { "id": 70110, "district_id": 701, "name_en": "Kaharole",          "name_bn": "কাহারোল" },
  { "id": 70111, "district_id": 701, "name_en": "Khansama",          "name_bn": "খানসামা" },
  { "id": 70112, "district_id": 701, "name_en": "Nawabganj",         "name_bn": "নবাবগঞ্জ" },
  { "id": 70113, "district_id": 701, "name_en": "Parbatipur",        "name_bn": "পার্বতীপুর" },

  { "id": 70201, "district_id": 702, "name_en": "Gaibandha Sadar",   "name_bn": "গাইবান্ধা সদর" },
  { "id": 70202, "district_id": 702, "name_en": "Gobindaganj",       "name_bn": "গোবিন্দগঞ্জ" },
  { "id": 70203, "district_id": 702, "name_en": "Palashbari",        "name_bn": "পলাশবাড়ী" },
  { "id": 70204, "district_id": 702, "name_en": "Phulchhari",        "name_bn": "ফুলছড়ি" },
  { "id": 70205, "district_id": 702, "name_en": "Saghatta",          "name_bn": "সাঘাটা" },
  { "id": 70206, "district_id": 702, "name_en": "Sundarganj",        "name_bn": "সুন্দরগঞ্জ" },
  { "id": 70207, "district_id": 702, "name_en": "Sadullapur",        "name_bn": "সদুল্লাপুর" },

  { "id": 70301, "district_id": 703, "name_en": "Bhurungamari",      "name_bn": "ভুরুঙ্গামারী" },
  { "id": 70302, "district_id": 703, "name_en": "Chilmari",          "name_bn": "চিলমারী" },
  { "id": 70303, "district_id": 703, "name_en": "Fulbari",           "name_bn": "ফুলবাড়ী" },
  { "id": 70304, "district_id": 703, "name_en": "Kurigram Sadar",    "name_bn": "কুড়িগ্রাম সদর" },
  { "id": 70305, "district_id": 703, "name_en": "Nageshwari",        "name_bn": "নাগেশ্বরী" },
  { "id": 70306, "district_id": 703, "name_en": "Rajarhat",          "name_bn": "রাজারহাট" },
  { "id": 70307, "district_id": 703, "name_en": "Rajibpur",          "name_bn": "রাজিবপুর" },
  { "id": 70308, "district_id": 703, "name_en": "Rowmari",           "name_bn": "রউমারী" },
  { "id": 70309, "district_id": 703, "name_en": "Ulipur",            "name_bn": "উলিপুর" },

  { "id": 70401, "district_id": 704, "name_en": "Aditmari",          "name_bn": "আদিতমারি" },
  { "id": 70402, "district_id": 704, "name_en": "Hatibandha",        "name_bn": "হাতীবান্ধা" },
  { "id": 70403, "district_id": 704, "name_en": "Kaliganj",          "name_bn": "কালীগঞ্জ" },
  { "id": 70404, "district_id": 704, "name_en": "Lalmonirhat Sadar", "name_bn": "লালমনিরহাট সদর" },
  { "id": 70405, "district_id": 704, "name_en": "Patgram",           "name_bn": "পাটগ্রাম" },

  { "id": 70501, "district_id": 705, "name_en": "Dimla",             "name_bn": "ডিমলা" },
  { "id": 70502, "district_id": 705, "name_en": "Domar",             "name_bn": "ডোমার" },
  { "id": 70503, "district_id": 705, "name_en": "Jaldhaka",          "name_bn": "জলঢাকা" },
  { "id": 70504, "district_id": 705, "name_en": "Kishoreganj",       "name_bn": "কিশোরগঞ্জ" },
  { "id": 70505, "district_id": 705, "name_en": "Nilphamari Sadar",  "name_bn": "নীলফামারী সদর" },
  { "id": 70506, "district_id": 705, "name_en": "Saidpur",           "name_bn": "সৈয়দপুর" },

  { "id": 70601, "district_id": 706, "name_en": "Atwari",            "name_bn": "আটোয়ারী" },
  { "id": 70602, "district_id": 706, "name_en": "Boda",              "name_bn": "বোদা" },
  { "id": 70603, "district_id": 706, "name_en": "Debiganj",          "name_bn": "ডেবিগঞ্জ" },
  { "id": 70604, "district_id": 706, "name_en": "Panchagarh Sadar",  "name_bn": "পঞ্চগড় সদর" },
  { "id": 70605, "district_id": 706, "name_en": "Tetulia",           "name_bn": "তেতুলিয়া" },

  { "id": 70701, "district_id": 707, "name_en": "Badarganj",         "name_bn": "বদরগঞ্জ" },
  { "id": 70702, "district_id": 707, "name_en": "Gangachara",        "name_bn": "গঙ্গাচড়া" },
  { "id": 70703, "district_id": 707, "name_en": "Kaunia",            "name_bn": "কাউনিয়া" },
  { "id": 70704, "district_id": 707, "name_en": "Mithapukur",        "name_bn": "মিঠাপুকুর" },
  { "id": 70705, "district_id": 707, "name_en": "Pirgachha",         "name_bn": "পীরগাছা" },
  { "id": 70706, "district_id": 707, "name_en": "Pirganj",           "name_bn": "পীরগঞ্জ" },
  { "id": 70707, "district_id": 707, "name_en": "Rangpur Sadar",     "name_bn": "রংপুর সদর" },
  { "id": 70708, "district_id": 707, "name_en": "Taraganj",          "name_bn": "তারাগঞ্জ" },

  { "id": 70801, "district_id": 708, "name_en": "Baliadangi",        "name_bn": "বালিয়াডাঙ্গী" },
  { "id": 70802, "district_id": 708, "name_en": "Haripur",           "name_bn": "হরিপুর" },
  { "id": 70803, "district_id": 708, "name_en": "Pirganj",           "name_bn": "পীরগঞ্জ" },
  { "id": 70804, "district_id": 708, "name_en": "Ranisankail",       "name_bn": "রাণীশঙ্কাইল" },
  { "id": 70805, "district_id": 708, "name_en": "Thakurgaon Sadar",  "name_bn": "ঠাকুরগাঁও সদর" },


  { "id": 80101, "district_id": 801, "name_en": "Ajmiriganj",       "name_bn": "আজমিরিগঞ্জ" },
  { "id": 80102, "district_id": 801, "name_en": "Bahubal",          "name_bn": "বাহুবল" },
  { "id": 80103, "district_id": 801, "name_en": "Baniachong",       "name_bn": "বানিয়াচং" },
  { "id": 80104, "district_id": 801, "name_en": "Chunarughat",      "name_bn": "চুনারুঘাট" },
  { "id": 80105, "district_id": 801, "name_en": "Habiganj Sadar",   "name_bn": "হবিগঞ্জ সদর" },
  { "id": 80106, "district_id": 801, "name_en": "Lakhai",           "name_bn": "লাখাই" },
  { "id": 80107, "district_id": 801, "name_en": "Madhabpur",        "name_bn": "মাধবপুর" },
  { "id": 80108, "district_id": 801, "name_en": "Nabiganj",         "name_bn": "নবীগঞ্জ" },
  { "id": 80109, "district_id": 801, "name_en": "Sayestaganj",      "name_bn": "সায়েস্তাগঞ্জ" },

  { "id": 80201, "district_id": 802, "name_en": "Barlekha",         "name_bn": "বড়লেখা" },
  { "id": 80202, "district_id": 802, "name_en": "Juri",             "name_bn": "জুড়ী" },
  { "id": 80203, "district_id": 802, "name_en": "Kamalganj",        "name_bn": "কমলগঞ্জ" },
  { "id": 80204, "district_id": 802, "name_en": "Kulaura",          "name_bn": "কুলাউড়া" },
  { "id": 80205, "district_id": 802, "name_en": "Moulvibazar Sadar", "name_bn": "মৌলভীবাজার সদর" },
  { "id": 80206, "district_id": 802, "name_en": "Rajnagar",         "name_bn": "রায়নগর" },
  { "id": 80207, "district_id": 802, "name_en": "Sreemangal",       "name_bn": "শ্রীমঙ্গল" },

  { "id": 80301, "district_id": 803, "name_en": "Bishwamvarpur",    "name_bn": "বিশ্বম্ভরপুর" },
  { "id": 80302, "district_id": 803, "name_en": "Chhatak",          "name_bn": "ছাতক" },
  { "id": 80303, "district_id": 803, "name_en": "Derai",            "name_bn": "দিরাই" },
  { "id": 80304, "district_id": 803, "name_en": "Dharampasha",      "name_bn": "ধরমপাশা" },
  { "id": 80305, "district_id": 803, "name_en": "Dowarabazar",      "name_bn": "দোয়ারাবাজার" },
  { "id": 80306, "district_id": 803, "name_en": "Jagannathpur",     "name_bn": "জগন্নাথপুর" },
  { "id": 80307, "district_id": 803, "name_en": "Jamalganj",        "name_bn": "জামালগঞ্জ" },
  { "id": 80308, "district_id": 803, "name_en": "Madhyanagar",      "name_bn": "মধ্যনগর" },
  { "id": 80309, "district_id": 803, "name_en": "Shalla",           "name_bn": "শাল্লা" },
  { "id": 80310, "district_id": 803, "name_en": "Shantiganj",       "name_bn": "শান্তিগঞ্জ" },
  { "id": 80311, "district_id": 803, "name_en": "Sunamganj Sadar",  "name_bn": "সুনামগঞ্জ সদর" },
  { "id": 80312, "district_id": 803, "name_en": "Tahirpur",         "name_bn": "তাহিরপুর" },

  { "id": 80401, "district_id": 804, "name_en": "Balaganj",         "name_bn": "বালাগঞ্জ" },
  { "id": 80402, "district_id": 804, "name_en": "Beanibazar",       "name_bn": "বিয়ানীবাজার" },
  { "id": 80403, "district_id": 804, "name_en": "Bishwanath",       "name_bn": "বিষ্ণুনাথ" },
  { "id": 80404, "district_id": 804, "name_en": "Companiganj",      "name_bn": "কোম্পানীগঞ্জ" },
  { "id": 80405, "district_id": 804, "name_en": "Dakshin Surma",    "name_bn": "দক্ষিণ সুরমা" },
  { "id": 80406, "district_id": 804, "name_en": "Fenchuganj",       "name_bn": "ফেঞ্চুগঞ্জ" },
  { "id": 80407, "district_id": 804, "name_en": "Golapganj",        "name_bn": "গোলাপগঞ্জ" },
  { "id": 80408, "district_id": 804, "name_en": "Gowainghat",       "name_bn": "গোয়াইনঘাট" },
  { "id": 80409, "district_id": 804, "name_en": "Jaintiapur",       "name_bn": "জৈন্তাপুর" },
  { "id": 80410, "district_id": 804, "name_en": "Kanaighat",        "name_bn": "কানাইঘাট" },
  { "id": 80411, "district_id": 804, "name_en": "Osmani Nagar",     "name_bn": "ওসমানী নগর" },
  { "id": 80412, "district_id": 804, "name_en": "Sylhet Sadar",     "name_bn": "সিলেট সদর" },
  { "id": 80413, "district_id": 804, "name_en": "Zakiganj",         "name_bn": "জকিগঞ্জ" }

]
